Employee_ID,Attrition_rate
EID_22713,0.24864285714285714
EID_9658,0.33599999999999997
EID_22203,0.07961428571428572
EID_7652,0.12748571428571429
EID_6516,0.15418571428571431
EID_20283,0.22447142857142857
EID_21014,0.16182857142857143
EID_7693,0.12268571428571429
EID_13232,0.14457142857142857
EID_6515,0.24487142857142855
EID_13639,0.14314285714285716
EID_14669,0.1624857142857143
EID_16537,0.14094285714285712
EID_5782,0.18057142857142858
EID_20157,0.14924285714285715
EID_1855,0.18459999999999996
EID_20748,0.18827142857142856
EID_23179,0.14158571428571426
EID_12838,0.12617142857142857
EID_21656,0.16255714285714284
EID_8844,0.2201714285714286
EID_1536,0.12012857142857143
EID_8822,0.2191714285714286
EID_11398,0.22538571428571424
EID_12965,0.10697142857142856
EID_5204,0.08378571428571428
EID_10030,0.44981428571428567
EID_13227,0.1304857142857143
EID_20607,0.19105714285714287
EID_14070,0.1890285714285714
EID_3755,0.23572857142857143
EID_5459,0.1783142857142857
EID_7697,0.22734285714285715
EID_3935,0.13885714285714285
EID_19046,0.20607142857142863
EID_4040,0.1289142857142857
EID_17730,0.18001428571428574
EID_4995,0.2470857142857143
EID_24653,0.2629142857142857
EID_6978,0.1976
EID_13775,0.16502857142857144
EID_14608,0.1980714285714286
EID_3148,0.17401428571428573
EID_24868,0.24377142857142856
EID_5521,0.22345714285714285
EID_21155,0.23761428571428575
EID_3840,0.27145714285714284
EID_10646,0.16529999999999997
EID_6711,0.28664285714285714
EID_16247,0.2065857142857143
EID_16789,0.18074285714285715
EID_17967,0.29701428571428573
EID_13270,0.22499999999999995
EID_18462,0.24838571428571427
EID_22248,0.18665714285714285
EID_22693,0.25874285714285716
EID_25662,0.1696
EID_23346,0.21992857142857145
EID_4437,0.3575285714285714
EID_18108,0.16064285714285714
EID_7000,0.08822857142857142
EID_22770,0.1002
EID_7816,0.1504857142857143
EID_19615,0.1619285714285714
EID_23807,0.1985142857142857
EID_16764,0.1303
EID_16818,0.09699999999999999
EID_22712,0.18804285714285715
EID_18198,0.1204857142857143
EID_11154,0.2748714285714286
EID_22137,0.13071428571428573
EID_11655,0.3536
EID_18514,0.2212285714285714
EID_24742,0.2211285714285714
EID_16019,0.10988571428571427
EID_7357,0.16975714285714288
EID_20106,0.2112857142857143
EID_13284,0.2561714285714286
EID_5451,0.09334285714285714
EID_19728,0.26508571428571426
EID_9178,0.2895714285714286
EID_13177,0.08451428571428572
EID_14300,0.21280000000000002
EID_4379,0.11137142857142857
EID_11285,0.2426714285714286
EID_14882,0.1941
EID_9969,0.24448571428571428
EID_23643,0.12745714285714285
EID_5935,0.17798571428571427
EID_7741,0.23105714285714285
EID_6176,0.2149142857142857
EID_5418,0.14917142857142857
EID_20626,0.1691857142857143
EID_1725,0.09394285714285715
EID_14317,0.2718714285714286
EID_12120,0.20600000000000002
EID_20264,0.1385
EID_16691,0.13227142857142857
EID_1093,0.1577285714285714
EID_2565,0.16788571428571428
EID_11463,0.2324571428571429
EID_12005,0.19340000000000002
EID_10326,0.1045857142857143
EID_12582,0.2592714285714286
EID_18228,0.2506857142857143
EID_11670,0.2470285714285714
EID_24257,0.24032857142857142
EID_7024,0.07651428571428573
EID_10382,0.10454285714285715
EID_20210,0.23737142857142854
EID_10294,0.1934
EID_19941,0.3659142857142857
EID_25572,0.20245714285714286
EID_7758,0.1415
EID_22718,0.28801428571428567
EID_1078,0.25241428571428576
EID_8227,0.16748571428571427
EID_1702,0.21421428571428572
EID_3532,0.1442142857142857
EID_22452,0.13534285714285715
EID_3019,0.11172857142857143
EID_22264,0.09324285714285714
EID_9866,0.17047142857142858
EID_3520,0.29348571428571424
EID_21098,0.18142857142857144
EID_1186,0.17454285714285714
EID_12355,0.2064857142857143
EID_11020,0.18637142857142858
EID_19193,0.14688571428571429
EID_17787,0.2557
EID_13719,0.16942857142857143
EID_24449,0.1475571428571429
EID_12957,0.25712857142857143
EID_24794,0.10892857142857144
EID_2866,0.22214285714285717
EID_10563,0.3265142857142857
EID_22492,0.13955714285714285
EID_4106,0.20911428571428572
EID_6648,0.10898571428571428
EID_7209,0.18257142857142858
EID_9692,0.19414285714285714
EID_22763,0.1825857142857143
EID_12622,0.14568571428571425
EID_9831,0.22705714285714285
EID_5731,0.17315714285714284
EID_1114,0.23288571428571422
EID_25017,0.18711428571428573
EID_22956,0.1520857142857143
EID_5549,0.16465714285714286
EID_12022,0.27747142857142854
EID_8034,0.1641857142857143
EID_20644,0.15987142857142858
EID_20125,0.12662857142857142
EID_21957,0.12651428571428572
EID_8870,0.1533857142857143
EID_2305,0.22112857142857148
EID_3977,0.22745714285714286
EID_14845,0.11255714285714287
EID_6629,0.05827142857142857
EID_14577,0.26885714285714285
EID_24509,0.18847142857142857
EID_1530,0.11564285714285713
EID_21524,0.17901428571428574
EID_6647,0.19510000000000002
EID_19730,0.21534285714285714
EID_4424,0.16658571428571428
EID_7964,0.34891428571428573
EID_6289,0.1394142857142857
EID_2899,0.23602857142857145
EID_2827,0.39218571428571425
EID_8801,0.1721714285714286
EID_20454,0.1580857142857143
EID_18988,0.1372857142857143
EID_8405,0.1875571428571429
EID_14497,0.2942857142857143
EID_11769,0.13970000000000002
EID_21353,0.21234285714285714
EID_2221,0.263
EID_13218,0.2597142857142857
EID_4576,0.31057142857142855
EID_17470,0.3426
EID_14817,0.1962142857142857
EID_21845,0.11887142857142856
EID_21987,0.2624
EID_1168,0.20694285714285715
EID_14315,0.17117142857142856
EID_5043,0.17847142857142856
EID_1967,0.1638
EID_22274,0.1243
EID_11091,0.15754285714285718
EID_18421,0.2480857142857143
EID_8316,0.34607142857142853
EID_13308,0.08385714285714285
EID_19481,0.20067142857142856
EID_17732,0.11329999999999998
EID_4504,0.13201428571428572
EID_2539,0.16145714285714288
EID_19529,0.14542857142857143
EID_2279,0.15328571428571428
EID_14508,0.3088714285714286
EID_12241,0.12675714285714285
EID_11530,0.19791428571428574
EID_20147,0.2623285714285714
EID_6154,0.21768571428571432
EID_3523,0.09792857142857143
EID_20453,0.21258571428571424
EID_11929,0.12951428571428572
EID_12840,0.2773285714285715
EID_22320,0.1412857142857143
EID_25383,0.27794285714285716
EID_10731,0.16804285714285713
EID_1017,0.21851428571428572
EID_1819,0.25144285714285713
EID_22849,0.1709857142857143
EID_12290,0.21677142857142861
EID_24238,0.1028
EID_3105,0.09102857142857142
EID_14242,0.15194285714285716
EID_16569,0.2271571428571429
EID_8094,0.09197142857142858
EID_7824,0.1439857142857143
EID_8978,0.19081428571428574
EID_25314,0.11872857142857142
EID_17810,0.1663285714285714
EID_14856,0.1255285714285714
EID_22144,0.19238571428571433
EID_23603,0.14599999999999996
EID_7211,0.16595714285714286
EID_19340,0.29577142857142863
EID_1501,0.14667142857142856
EID_22111,0.12512857142857142
EID_16147,0.12995714285714285
EID_16746,0.14125714285714286
EID_20777,0.15461428571428573
EID_12999,0.17301428571428573
EID_21663,0.3243
EID_11862,0.11292857142857142
EID_17683,0.2756142857142857
EID_19819,0.21302857142857143
EID_21562,0.2713428571428571
EID_24390,0.12174285714285715
EID_14444,0.1343
EID_3261,0.18032857142857142
EID_7752,0.23778571428571427
EID_3033,0.1817857142857143
EID_22433,0.1568
EID_23727,0.23578571428571427
EID_24107,0.21077142857142858
EID_22537,0.10244285714285714
EID_13645,0.07381428571428571
EID_16021,0.29374285714285714
EID_19800,0.1975428571428571
EID_1944,0.07234285714285715
EID_15868,0.1549428571428572
EID_22188,0.2508
EID_13833,0.2669
EID_15028,0.09721428571428571
EID_24861,0.10805714285714287
EID_13033,0.20470000000000002
EID_23673,0.19568571428571427
EID_13265,0.1417142857142857
EID_23411,0.21932857142857146
EID_3761,0.257
EID_7299,0.3041285714285714
EID_2379,0.15437142857142858
EID_18863,0.20794285714285715
EID_12115,0.31634285714285715
EID_23879,0.11031428571428571
EID_16586,0.11950000000000001
EID_19003,0.11217142857142859
EID_11107,0.10284285714285714
EID_15416,0.12181428571428572
EID_19214,0.1152
EID_5135,0.12427142857142856
EID_22464,0.38218571428571424
EID_22759,0.25880000000000003
EID_17833,0.3147428571428571
EID_17627,0.11638571428571429
EID_25730,0.2745571428571429
EID_2377,0.1700714285714286
EID_18085,0.29237142857142856
EID_14096,0.12577142857142856
EID_8384,0.2112
EID_17105,0.2006857142857143
EID_9929,0.07995714285714285
EID_13267,0.30065714285714285
EID_12954,0.15557142857142855
EID_4464,0.11042857142857143
EID_11464,0.11481428571428569
EID_19308,0.14272857142857145
EID_17530,0.09184285714285714
EID_6981,0.22275714285714285
EID_19951,0.22270000000000004
EID_1100,0.18621428571428572
EID_25145,0.12448571428571428
EID_15614,0.19844285714285712
EID_2961,0.19015714285714286
EID_1742,0.1815142857142857
EID_2843,0.07972857142857144
EID_9549,0.3189285714285714
EID_12832,0.11761428571428571
EID_17914,0.346
EID_22832,0.122
EID_5755,0.1369
EID_1141,0.19632857142857144
EID_18954,0.21445714285714285
EID_10824,0.11814285714285713
EID_24478,0.18428571428571425
EID_14916,0.11905714285714286
EID_4434,0.2330142857142857
EID_23650,0.15002857142857143
EID_16556,0.13227142857142854
EID_24656,0.21734285714285714
EID_25965,0.42040000000000005
EID_9279,0.15747142857142857
EID_13802,0.1496142857142857
EID_2748,0.10064285714285715
EID_17346,0.1918
EID_1171,0.3467142857142857
EID_1552,0.13699999999999998
EID_20674,0.20497142857142855
EID_2475,0.10797142857142857
EID_16714,0.13987142857142856
EID_7857,0.12264285714285714
EID_3294,0.13925714285714288
EID_2280,0.08334285714285715
EID_10203,0.13594285714285714
EID_22162,0.13397142857142857
EID_10438,0.21005714285714286
EID_12898,0.19399999999999998
EID_4358,0.12774285714285716
EID_6179,0.19128571428571425
EID_2538,0.16738571428571428
EID_13110,0.23514285714285715
EID_24585,0.3096571428571428
EID_1006,0.14455714285714286
EID_11632,0.15805714285714284
EID_21011,0.22019999999999998
EID_16869,0.11521428571428571
EID_20564,0.21642857142857141
EID_12996,0.0945
EID_1503,0.13687142857142856
EID_23053,0.09447142857142857
EID_22049,0.16362857142857143
EID_4346,0.22720000000000004
EID_1887,0.2686285714285714
EID_16849,0.1140857142857143
EID_10071,0.20272857142857142
EID_11265,0.12405714285714287
EID_12611,0.15020000000000003
EID_25542,0.14018571428571427
EID_11582,0.30631428571428565
EID_19550,0.2583857142857143
EID_5351,0.16738571428571428
EID_3305,0.15791428571428573
EID_18846,0.17985714285714288
EID_24764,0.15691428571428573
EID_2191,0.1883142857142857
EID_6314,0.28927142857142857
EID_23248,0.12532857142857143
EID_4570,0.23971428571428574
EID_16415,0.30728571428571433
EID_11002,0.18994285714285714
EID_20498,0.13165714285714286
EID_7846,0.25274285714285716
EID_24121,0.2762857142857143
EID_7536,0.11594285714285714
EID_2015,0.24758571428571433
EID_7934,0.1432857142857143
EID_20903,0.1436
EID_17535,0.2501428571428571
EID_19760,0.21735714285714283
EID_9550,0.19964285714285715
EID_4261,0.11660000000000001
EID_19753,0.23937142857142857
EID_13542,0.13684285714285715
EID_24283,0.12922857142857144
EID_7552,0.29919999999999997
EID_11577,0.14785714285714288
EID_3228,0.2991428571428571
EID_17468,0.08125714285714287
EID_15815,0.1814
EID_2093,0.09112857142857143
EID_21356,0.18732857142857143
EID_12357,0.15267142857142857
EID_18495,0.1188
EID_5098,0.13114285714285712
EID_12691,0.16222857142857142
EID_13240,0.16901428571428573
EID_19312,0.24295714285714287
EID_23914,0.099
EID_23175,0.26530000000000004
EID_15413,0.08491428571428572
EID_4785,0.1641857142857143
EID_25933,0.12542857142857142
EID_22705,0.08104285714285712
EID_19350,0.1859714285714286
EID_5369,0.2419428571428571
EID_20410,0.2281857142857143
EID_12557,0.2643
EID_17678,0.15207142857142855
EID_1342,0.14098571428571427
EID_12230,0.1579857142857143
EID_1311,0.2086714285714286
EID_5860,0.2995714285714285
EID_4259,0.17222857142857143
EID_10209,0.19091428571428568
EID_2300,0.1986142857142857
EID_17408,0.13807142857142857
EID_1883,0.11660000000000002
EID_1053,0.2677
EID_23610,0.20850000000000005
EID_17585,0.26995714285714284
EID_20845,0.2128142857142857
EID_15683,0.09392857142857143
EID_11976,0.1901428571428571
EID_12031,0.20264285714285712
EID_1711,0.19458571428571428
EID_6239,0.2243
EID_25541,0.17277142857142858
EID_9308,0.23207142857142862
EID_18168,0.1806714285714286
EID_11934,0.10707142857142857
EID_23472,0.1797285714285714
EID_13731,0.16584285714285713
EID_16069,0.14545714285714287
EID_18276,0.12610000000000002
EID_6141,0.08711428571428571
EID_12061,0.33532857142857136
EID_9450,0.1714142857142857
EID_21730,0.18865714285714283
EID_19506,0.1486714285714286
EID_13552,0.13332857142857144
EID_9945,0.11034285714285715
EID_1924,0.2665285714285714
EID_18453,0.2266142857142857
EID_20225,0.30865714285714285
EID_18673,0.1384142857142857
EID_11420,0.3415571428571429
EID_16631,0.24427142857142856
EID_21237,0.21645714285714282
EID_5015,0.1730714285714286
EID_20179,0.27005714285714283
EID_12073,0.10377142857142856
EID_21147,0.29917142857142853
EID_6714,0.2846
EID_10645,0.16065714285714283
EID_18298,0.2852
EID_2640,0.16985714285714285
EID_2318,0.21794285714285713
EID_25226,0.15022857142857143
EID_24099,0.1579
EID_20938,0.23432857142857144
EID_8377,0.0998
EID_7023,0.2900714285714286
EID_11385,0.11731428571428569
EID_15016,0.22569999999999998
EID_25794,0.19885714285714284
EID_11494,0.33117142857142856
EID_2425,0.20905714285714286
EID_9847,0.15979999999999997
EID_3570,0.17540000000000003
EID_13573,0.17392857142857143
EID_13780,0.3906
EID_2949,0.12999999999999998
EID_19834,0.1271
EID_11384,0.14404285714285717
EID_23154,0.2593285714285714
EID_9337,0.17507142857142854
EID_3653,0.15254285714285712
EID_4850,0.15175714285714287
EID_16283,0.23875714285714286
EID_5107,0.13620000000000002
EID_25156,0.20095714285714283
EID_17223,0.1989
EID_14695,0.15964285714285714
EID_11374,0.2053428571428572
EID_13672,0.21475714285714284
EID_6782,0.17181428571428572
EID_25074,0.1862
EID_21087,0.16867142857142856
EID_13017,0.23371428571428574
EID_9947,0.23215714285714287
EID_21221,0.23894285714285712
EID_21639,0.14297142857142855
EID_20333,0.11532857142857145
EID_2970,0.1588857142857143
EID_7624,0.26467142857142856
EID_15741,0.1115
EID_1312,0.24087142857142857
EID_19575,0.15995714285714285
EID_21047,0.09371428571428572
EID_11969,0.15324285714285715
EID_19145,0.29051428571428567
EID_9871,0.17234285714285713
EID_18852,0.16134285714285715
EID_22326,0.18742857142857136
EID_7259,0.0991857142857143
EID_21920,0.16640000000000002
EID_1436,0.21265714285714285
EID_8261,0.2413428571428571
EID_23228,0.31855714285714287
EID_5560,0.1105
EID_22357,0.2307
EID_4816,0.2355857142857143
EID_10000,0.3288285714285714
EID_21908,0.26489999999999997
EID_14887,0.11331428571428571
EID_12497,0.29318571428571427
EID_17976,0.17540000000000003
EID_17356,0.10881428571428571
EID_9785,0.1340857142857143
EID_16224,0.21421428571428566
EID_6020,0.07262857142857142
EID_20716,0.21404285714285717
EID_11351,0.16627142857142857
EID_20899,0.19234285714285712
EID_9718,0.16829999999999998
EID_9479,0.16307142857142856
EID_25048,0.12582857142857143
EID_23370,0.16307142857142856
EID_13877,0.15635714285714286
EID_12256,0.14852857142857143
EID_1903,0.17588571428571426
EID_8830,0.17444285714285712
EID_22060,0.1295714285714286
EID_11996,0.14492857142857143
EID_21061,0.22160000000000002
EID_22604,0.18007142857142858
EID_18463,0.12614285714285714
EID_11375,0.2571428571428572
EID_2685,0.17612857142857144
EID_16010,0.30287142857142857
EID_19288,0.1204857142857143
EID_9283,0.076
EID_11122,0.11032857142857143
EID_6638,0.1824142857142857
EID_25516,0.17125714285714283
EID_3864,0.13515714285714286
EID_9746,0.2062142857142857
EID_8407,0.08935714285714287
EID_25463,0.20060000000000003
EID_23098,0.15425714285714287
EID_22512,0.19032857142857143
EID_14671,0.1863142857142857
EID_18482,0.2149714285714286
EID_8151,0.23862857142857144
EID_16624,0.19805714285714285
EID_1983,0.17291428571428574
EID_18445,0.19402857142857144
EID_11891,0.17415714285714284
EID_2010,0.11018571428571426
EID_4592,0.18064285714285713
EID_17412,0.13468571428571427
EID_24883,0.2572857142857143
EID_15661,0.22962857142857146
EID_11757,0.16234285714285712
EID_2627,0.1382857142857143
EID_13243,0.2747428571428571
EID_10917,0.2897
EID_4360,0.1409
EID_13536,0.28864285714285715
EID_10695,0.14534285714285716
EID_5746,0.2886285714285714
EID_1178,0.18167142857142857
EID_15290,0.2360142857142857
EID_3540,0.11005714285714285
EID_14684,0.15525714285714284
EID_7914,0.17724285714285717
EID_23733,0.20470000000000005
EID_5907,0.24191428571428572
EID_5142,0.17311428571428572
EID_7686,0.14922857142857143
EID_12078,0.3071857142857143
EID_4880,0.07652857142857142
EID_1527,0.11398571428571429
EID_15919,0.2342
EID_1260,0.14568571428571428
EID_22377,0.3163285714285714
EID_7876,0.19422857142857144
EID_1213,0.11317142857142858
EID_4161,0.16705714285714282
EID_3214,0.1981285714285714
EID_17651,0.1026142857142857
EID_8005,0.1694142857142857
EID_12852,0.12372857142857142
EID_21465,0.1821
EID_7371,0.10972857142857143
EID_25687,0.42518571428571433
EID_17222,0.1824428571428571
EID_1994,0.18507142857142855
EID_22384,0.2708285714285714
EID_6344,0.09881428571428572
EID_18801,0.24340000000000003
EID_13688,0.2853142857142857
EID_13779,0.20127142857142855
EID_24969,0.23370000000000002
EID_15311,0.2631857142857143
EID_9095,0.23659999999999998
EID_11675,0.2136428571428571
EID_14870,0.11357142857142857
EID_1575,0.18782857142857143
EID_7440,0.3163571428571429
EID_24259,0.10057142857142856
EID_19501,0.14372857142857143
EID_23743,0.2109
EID_13287,0.3118142857142857
EID_2226,0.20825714285714286
EID_22439,0.2085
EID_16078,0.24285714285714285
EID_18895,0.14375714285714286
EID_19860,0.17285714285714285
EID_24564,0.09365714285714286
EID_21747,0.14957142857142855
EID_4659,0.18201428571428568
EID_24149,0.1481714285714286
EID_13300,0.11027142857142858
EID_16950,0.13985714285714285
EID_23778,0.14108571428571431
EID_14691,0.12422857142857142
EID_10789,0.20484285714285716
EID_5525,0.25557142857142856
EID_19424,0.21492857142857144
EID_6171,0.25175714285714285
EID_19569,0.15317142857142857
EID_4602,0.10252857142857141
EID_17919,0.2018
EID_4286,0.1938571428571428
EID_1973,0.17624285714285712
EID_25715,0.3028571428571429
EID_23385,0.18751428571428574
EID_13681,0.2010857142857143
EID_25410,0.2512142857142857
EID_18267,0.20327142857142858
EID_15252,0.25447142857142857
EID_23214,0.10467142857142855
EID_18551,0.19765714285714284
EID_2401,0.09805714285714286
EID_7609,0.14834285714285717
EID_21291,0.15665714285714286
EID_10126,0.3483714285714286
EID_19714,0.26324285714285717
EID_4911,0.15430000000000002
EID_12505,0.18144285714285716
EID_10377,0.15422857142857144
EID_3407,0.22137142857142855
EID_3386,0.17647142857142856
EID_7623,0.1431
EID_19517,0.19125714285714288
EID_21782,0.23812857142857144
EID_12361,0.11831428571428572
EID_21171,0.2131714285714286
EID_17836,0.2682
EID_20286,0.2858285714285715
EID_25798,0.14637142857142857
EID_15699,0.37320000000000003
EID_17006,0.17978571428571427
EID_22476,0.27661428571428576
EID_9406,0.13368571428571427
EID_13559,0.34524285714285713
EID_1340,0.12358571428571427
EID_17848,0.20962857142857141
EID_20358,0.09235714285714285
EID_14265,0.12215714285714284
EID_9820,0.10297142857142857
EID_13755,0.24848571428571425
EID_13293,0.40195714285714285
EID_25837,0.12587142857142855
EID_20466,0.3076428571428571
EID_11032,0.22248571428571426
EID_2399,0.2389714285714286
EID_23917,0.11925714285714285
EID_17011,0.19285714285714284
EID_8967,0.14542857142857143
EID_24468,0.22531428571428577
EID_8435,0.12901428571428572
EID_17953,0.18995714285714288
EID_7140,0.19077142857142856
EID_24404,0.08094285714285712
EID_14380,0.21438571428571424
EID_1232,0.12468571428571429
EID_1573,0.20347142857142858
EID_3684,0.18848571428571428
EID_15824,0.16834285714285716
EID_9212,0.2101714285714286
EID_21121,0.2351285714285714
EID_6346,0.12584285714285715
EID_9525,0.10754285714285716
EID_9726,0.24084285714285716
EID_2526,0.23181428571428572
EID_4228,0.1252
EID_14595,0.16465714285714284
EID_15856,0.18747142857142857
EID_6768,0.26071428571428573
EID_23953,0.21857142857142856
EID_19059,0.21608571428571427
EID_5268,0.23148571428571427
EID_7619,0.15674285714285713
EID_23028,0.23942857142857146
EID_22104,0.10251428571428571
EID_10318,0.3563285714285715
EID_25369,0.13117142857142858
EID_16633,0.1480857142857143
EID_15848,0.16685714285714284
EID_2240,0.2123
EID_1059,0.19282857142857143
EID_9315,0.15697142857142857
EID_15388,0.20381428571428573
EID_9984,0.20174285714285717
EID_4296,0.2920857142857143
EID_10927,0.15355714285714286
EID_25054,0.11439999999999997
EID_1884,0.10777142857142855
EID_21960,0.11157142857142857
EID_5572,0.10454285714285713
EID_16872,0.16812857142857143
EID_24525,0.1609857142857143
EID_14237,0.1247
EID_7114,0.2667
EID_7448,0.08214285714285714
EID_17668,0.24155714285714286
EID_7674,0.2548285714285714
EID_5884,0.3047714285714286
EID_13942,0.26137142857142853
EID_13098,0.36557142857142855
EID_7695,0.4268428571428572
EID_5350,0.15091428571428572
EID_22853,0.2542428571428571
EID_2385,0.18947142857142857
EID_18006,0.1650714285714286
EID_12875,0.13825714285714286
EID_5478,0.34777142857142856
EID_18690,0.21764285714285717
EID_12545,0.35691428571428574
EID_13888,0.21777142857142856
EID_9732,0.15384285714285714
EID_18001,0.21132857142857145
EID_17479,0.21391428571428572
EID_23757,0.1241142857142857
EID_1303,0.2286857142857143
EID_5375,0.23858571428571426
EID_5869,0.1800142857142857
EID_8825,0.17748571428571427
EID_22567,0.12801428571428572
EID_16273,0.1544857142857143
EID_20618,0.1651857142857143
EID_3608,0.1314142857142857
EID_8806,0.10232857142857142
EID_23170,0.17004285714285716
EID_12243,0.15752857142857143
EID_20089,0.16091428571428576
EID_16852,0.20634285714285713
EID_18312,0.12362857142857142
EID_14010,0.17218571428571433
EID_14705,0.2532
EID_20956,0.17497142857142856
EID_18794,0.12610000000000002
EID_1629,0.2114
EID_25483,0.13649999999999998
EID_4542,0.2947
EID_10076,0.18995714285714288
EID_9469,0.14792857142857144
EID_25284,0.17891428571428572
EID_11972,0.11957142857142856
EID_1798,0.2287428571428571
EID_21903,0.16684285714285713
EID_20031,0.08997142857142858
EID_20365,0.1962142857142857
EID_9210,0.15717142857142857
EID_19750,0.12527142857142856
EID_4006,0.10278571428571427
EID_24922,0.17995714285714287
EID_4760,0.15314285714285716
EID_11035,0.1368
EID_21008,0.19328571428571428
EID_23731,0.1612714285714286
EID_21788,0.14819999999999997
EID_5428,0.23797142857142858
EID_14023,0.1923857142857143
EID_2937,0.14461428571428572
EID_16931,0.26984285714285716
EID_18299,0.0995
EID_6660,0.14679999999999999
EID_23187,0.2520857142857143
EID_14868,0.1878
EID_23247,0.1798714285714286
EID_15971,0.25702857142857144
EID_7852,0.2936714285714285
EID_7017,0.2130714285714286
EID_7494,0.24029999999999999
EID_18706,0.13064285714285714
EID_22784,0.06721428571428571
EID_10756,0.12708571428571427
EID_6854,0.28077142857142856
EID_12554,0.09964285714285714
EID_1162,0.22061428571428568
EID_19581,0.18042857142857144
EID_2169,0.24498571428571428
EID_25149,0.2090857142857143
EID_22575,0.48184285714285713
EID_2265,0.223
EID_19668,0.1403
EID_19245,0.22137142857142852
EID_8194,0.2185857142857143
EID_8081,0.1513142857142857
EID_8670,0.06997142857142857
EID_7992,0.23807142857142854
EID_6596,0.10442857142857144
EID_3699,0.2389285714285714
EID_9698,0.25875714285714285
EID_1847,0.2347714285714286
EID_16179,0.2903714285714286
EID_23663,0.09478571428571428
EID_24287,0.2694714285714286
EID_3527,0.24675714285714287
EID_18652,0.09944285714285715
EID_24110,0.1844142857142857
EID_21419,0.1125142857142857
EID_12865,0.18139999999999998
EID_9237,0.16060000000000002
EID_20408,0.23914285714285713
EID_22934,0.20851428571428574
EID_6492,0.16842857142857143
EID_20285,0.28588571428571435
EID_1286,0.2505428571428571
EID_12542,0.17157142857142857
EID_5523,0.2795285714285714
EID_1979,0.26385714285714285
EID_23146,0.20614285714285716
EID_4773,0.17024285714285717
EID_8785,0.19701428571428573
EID_4463,0.12312857142857143
EID_24028,0.3141285714285714
EID_20920,0.24277142857142855
EID_21392,0.16502857142857147
EID_4079,0.14535714285714282
EID_5173,0.13258571428571428
EID_22915,0.25047142857142857
EID_18347,0.12935714285714286
EID_7984,0.2525
EID_25148,0.17017142857142858
EID_4350,0.23408571428571423
EID_6909,0.33170000000000005
EID_10582,0.20782857142857145
EID_6248,0.19862857142857143
EID_10035,0.18522857142857144
EID_24603,0.14311428571428572
EID_1794,0.20927142857142855
EID_9407,0.10805714285714285
EID_2114,0.11039999999999998
EID_21125,0.12697142857142857
EID_15046,0.12255714285714284
EID_8058,0.14444285714285712
EID_1961,0.10558571428571428
EID_23324,0.18835714285714283
EID_21521,0.19041428571428567
EID_11043,0.15532857142857143
EID_6461,0.18341428571428572
EID_10398,0.07604285714285715
EID_20635,0.14962857142857142
EID_22940,0.14372857142857143
EID_8582,0.1127
EID_12770,0.14157142857142854
EID_15982,0.3886857142857143
EID_19692,0.23985714285714285
EID_18304,0.11238571428571428
EID_13603,0.1450142857142857
EID_6145,0.12694285714285714
EID_16587,0.13299999999999998
EID_16835,0.1417142857142857
EID_8399,0.1262285714285714
EID_7012,0.21654285714285715
EID_20575,0.16239999999999996
EID_20747,0.1674
EID_3907,0.1944857142857143
EID_22626,0.11604285714285714
EID_4442,0.21107142857142858
EID_18034,0.19485714285714287
EID_16055,0.1415857142857143
EID_21684,0.20887142857142857
EID_17499,0.37684285714285715
EID_1222,0.21374285714285715
EID_17204,0.11852857142857144
EID_22732,0.263
EID_8539,0.22337142857142855
EID_23136,0.2702428571428571
EID_24470,0.16934285714285716
EID_17404,0.2618285714285714
EID_21498,0.11139999999999999
EID_19495,0.32728571428571435
EID_23966,0.1281142857142857
EID_1388,0.3346
EID_7374,0.2889714285714286
EID_25441,0.11752857142857141
EID_16616,0.31825714285714285
EID_7654,0.17495714285714287
EID_4217,0.25642857142857145
EID_9968,0.2026857142857143
EID_17830,0.1324857142857143
EID_12023,0.22330000000000003
EID_24002,0.2412
EID_11371,0.19462857142857143
EID_11096,0.16914285714285712
EID_24835,0.2203142857142857
EID_17439,0.24535714285714286
EID_6587,0.0828
EID_21946,0.2619142857142857
EID_5431,0.19669999999999996
EID_4723,0.15345714285714288
EID_11535,0.3127
EID_2330,0.20797142857142856
EID_23531,0.20024285714285714
EID_8913,0.17388571428571428
EID_21273,0.15480000000000002
EID_11927,0.2717285714285714
EID_1385,0.18952857142857144
EID_15758,0.19744285714285711
EID_1023,0.1831285714285714
EID_8959,0.22301428571428575
EID_12911,0.13104285714285716
EID_15925,0.21785714285714283
EID_17769,0.2643142857142857
EID_19842,0.15882857142857146
EID_15875,0.1347857142857143
EID_21284,0.14862857142857142
EID_24825,0.15134285714285714
EID_23825,0.2326
EID_13001,0.11455714285714287
EID_25601,0.14209999999999998
EID_24670,0.2948714285714286
EID_24412,0.20611428571428572
EID_18712,0.0926
EID_21138,0.1394
EID_19335,0.2165
EID_16753,0.1755142857142857
EID_24399,0.20135714285714285
EID_12567,0.1022
EID_22161,0.16674285714285714
EID_12609,0.22658571428571425
EID_22249,0.1443857142857143
EID_5314,0.09747142857142857
EID_1897,0.30647142857142856
EID_22507,0.14894285714285713
EID_2878,0.1568857142857143
EID_10098,0.19979999999999998
EID_18435,0.29265714285714284
EID_8063,0.09230000000000002
EID_3512,0.24862857142857142
EID_24444,0.13677142857142857
EID_9813,0.09365714285714287
EID_25132,0.1072142857142857
EID_5613,0.18814285714285714
EID_14062,0.20420000000000002
EID_20073,0.1120857142857143
EID_12506,0.20174285714285714
EID_1092,0.2048
EID_15895,0.21934285714285714
EID_1039,0.18384285714285717
EID_22016,0.18784285714285714
EID_6764,0.11261428571428571
EID_17384,0.19
EID_8705,0.21444285714285716
EID_14832,0.3018571428571429
EID_16473,0.08547142857142856
EID_11186,0.17971428571428572
EID_7476,0.1866285714285714
EID_19671,0.1657714285714286
EID_14001,0.10864285714285715
EID_10658,0.08055714285714285
EID_6668,0.21108571428571427
EID_13786,0.15209999999999999
EID_11224,0.14872857142857146
EID_13296,0.23281428571428572
EID_22145,0.2529142857142857
EID_6494,0.24154285714285711
EID_1649,0.09505714285714285
EID_20878,0.20882857142857142
EID_3790,0.14698571428571428
EID_9257,0.29762857142857146
EID_14917,0.11028571428571428
EID_22052,0.16917142857142858
EID_1198,0.21330000000000002
EID_8478,0.2837142857142857
EID_2071,0.45928571428571424
EID_1250,0.15744285714285716
EID_9000,0.15159999999999998
EID_17319,0.19398571428571426
EID_21794,0.26768571428571425
EID_23350,0.16277142857142857
EID_16278,0.12131428571428571
EID_3330,0.16842857142857143
EID_12584,0.11344285714285715
EID_9354,0.32604285714285713
EID_15007,0.24920000000000003
EID_11656,0.10271428571428573
EID_22526,0.1621
EID_11027,0.15665714285714283
EID_21588,0.22918571428571427
EID_13717,0.11498571428571427
EID_8073,0.21139999999999998
EID_15972,0.22007142857142856
EID_5730,0.25368571428571435
EID_23968,0.21182857142857145
EID_4299,0.22404285714285715
EID_6302,0.1901714285714286
EID_6974,0.15771428571428572
EID_4829,0.15842857142857142
EID_21139,0.2562857142857143
EID_23456,0.05878571428571428
EID_20110,0.09745714285714284
EID_20342,0.13355714285714282
EID_15238,0.16494285714285714
EID_10349,0.1644857142857143
EID_10077,0.17041428571428568
EID_22330,0.14675714285714284
EID_4368,0.14602857142857142
EID_8859,0.3011714285714286
EID_24277,0.19788571428571425
EID_1061,0.16247142857142857
EID_5597,0.14767142857142854
EID_4820,0.246
EID_5863,0.3473714285714285
EID_23680,0.21064285714285713
EID_5542,0.26380000000000003
EID_6203,0.2250857142857143
EID_5355,0.13554285714285716
EID_19669,0.1669857142857143
EID_21725,0.38934285714285716
EID_2138,0.28295714285714285
EID_24278,0.1546857142857143
EID_6591,0.16720000000000002
EID_21056,0.1711571428571428
EID_18759,0.10004285714285713
EID_12059,0.17200000000000001
EID_11077,0.13345714285714286
EID_17216,0.15344285714285713
EID_15655,0.2679571428571429
EID_19017,0.17545714285714284
EID_17846,0.17461428571428575
EID_6418,0.23635714285714288
EID_25942,0.16054285714285713
EID_5420,0.17205714285714285
EID_11764,0.1532
EID_16483,0.22224285714285716
EID_1901,0.13822857142857142
EID_21480,0.14311428571428572
EID_8006,0.2919
EID_1282,0.17137142857142856
EID_6895,0.13927142857142857
EID_13677,0.16142857142857142
EID_6071,0.2032
EID_14425,0.1558
EID_22685,0.1984857142857143
EID_20203,0.15462857142857148
EID_19161,0.15354285714285715
EID_1947,0.11304285714285713
EID_16574,0.22095714285714285
EID_2561,0.1863
EID_20668,0.17844285714285713
EID_7831,0.13349999999999998
EID_8769,0.17479999999999998
EID_25191,0.27334285714285717
EID_15590,0.2486142857142857
EID_12458,0.1825285714285714
EID_11406,0.19515714285714283
EID_17629,0.21018571428571425
EID_4632,0.2237428571428571
EID_18455,0.16117142857142855
EID_23077,0.09958571428571428
EID_25024,0.13027142857142857
EID_6269,0.06928571428571428
EID_12100,0.30664285714285716
EID_23190,0.06901428571428568
EID_9030,0.1885142857142857
EID_12359,0.2794285714285714
EID_12041,0.11442857142857144
EID_2019,0.19635714285714287
EID_22974,0.17671428571428568
EID_10351,0.11611428571428571
EID_23630,0.12462857142857144
EID_7309,0.21124285714285715
EID_19821,0.12682857142857143
EID_4033,0.14097142857142858
EID_3435,0.12244285714285714
EID_5759,0.06908571428571429
EID_12826,0.22999999999999998
EID_8148,0.1463
EID_16088,0.27892857142857147
EID_15783,0.15204285714285712
EID_19521,0.1859142857142857
EID_13016,0.0909
EID_13708,0.15928571428571428
EID_4237,0.2112857142857143
EID_3620,0.2504571428571428
EID_10042,0.18692857142857142
EID_8833,0.23195714285714283
EID_21028,0.19
EID_3485,0.13605714285714285
EID_23372,0.20472857142857143
EID_19410,0.17805714285714289
EID_6598,0.20835714285714285
EID_25371,0.16631428571428566
EID_19483,0.2678
EID_22826,0.23404285714285716
EID_23606,0.10275714285714287
EID_9346,0.1271857142857143
EID_1608,0.0996
EID_1603,0.21658571428571424
EID_23041,0.21357142857142855
EID_7801,0.22421428571428575
EID_22456,0.2238142857142857
EID_24428,0.32711428571428575
EID_10811,0.27681428571428573
EID_24566,0.1738
EID_2531,0.1479857142857143
EID_10878,0.16512857142857143
EID_19548,0.2942142857142857
EID_11988,0.21634285714285717
EID_11378,0.2312714285714286
EID_9896,0.27058571428571426
EID_17323,0.13325714285714285
EID_24976,0.09822857142857143
EID_11249,0.2509
EID_20395,0.12512857142857142
EID_18262,0.13868571428571427
EID_14670,0.18298571428571428
EID_12880,0.19837142857142856
EID_1406,0.2707428571428571
EID_23014,0.20870000000000002
EID_5224,0.19567142857142855
EID_3232,0.16532857142857144
EID_22327,0.22091428571428567
EID_2285,0.21477142857142859
EID_20468,0.1775857142857143
EID_4443,0.15547142857142857
EID_15641,0.16031428571428571
EID_8106,0.2439285714285714
EID_13958,0.12345714285714285
EID_10214,0.2234857142857143
EID_17739,0.16841428571428568
EID_13347,0.10834285714285714
EID_23453,0.0986
EID_1477,0.2011285714285714
EID_20224,0.23827142857142855
EID_2362,0.24107142857142855
EID_21421,0.1357714285714286
EID_7860,0.23874285714285715
EID_10286,0.25352857142857144
EID_7184,0.2759714285714286
EID_21742,0.13477142857142857
EID_21610,0.12262857142857143
EID_19375,0.17435714285714285
EID_18564,0.20277142857142857
EID_19108,0.1577
EID_17928,0.17365714285714287
EID_25613,0.14984285714285717
EID_23787,0.18094285714285713
EID_2392,0.25548571428571426
EID_7574,0.37224285714285715
EID_9810,0.25255714285714287
EID_14332,0.2428142857142857
EID_20937,0.1932
EID_7827,0.3269
EID_7457,0.1845285714285714
EID_11152,0.16891428571428574
EID_12917,0.07365714285714285
EID_18590,0.17142857142857143
EID_15327,0.31298571428571426
EID_11687,0.124
EID_5179,0.13604285714285716
EID_5623,0.33772857142857143
EID_25331,0.075
EID_24386,0.1257857142857143
EID_6507,0.11344285714285715
EID_7842,0.13319999999999999
EID_12018,0.19608571428571425
EID_6640,0.14782857142857142
EID_9872,0.20130000000000006
EID_2331,0.25229999999999997
EID_19685,0.20639999999999997
EID_25701,0.2339857142857143
EID_25681,0.20709999999999998
EID_20151,0.2375857142857143
EID_8980,0.19705714285714285
EID_12719,0.2304285714285714
EID_20075,0.3127571428571429
EID_14984,0.18112857142857147
EID_8177,0.12232857142857144
EID_1360,0.13774285714285714
EID_24812,0.1729
EID_8480,0.13238571428571427
EID_14567,0.1660714285714286
EID_16194,0.11587142857142856
EID_10020,0.18295714285714285
EID_7321,0.2897142857142857
EID_15387,0.2572857142857143
EID_19419,0.15138571428571426
EID_20496,0.24551428571428574
EID_1308,0.12532857142857143
EID_14770,0.11672857142857142
EID_21893,0.14891428571428572
EID_10990,0.24912857142857142
EID_17521,0.1823142857142857
EID_15274,0.3788428571428572
EID_24001,0.15345714285714282
EID_4111,0.16655714285714285
EID_4284,0.1979142857142857
EID_19682,0.11058571428571429
EID_14871,0.1887
EID_18152,0.06317142857142857
EID_12520,0.12725714285714285
EID_4739,0.28771428571428576
EID_8424,0.10135714285714285
EID_23600,0.1753428571428571
EID_25891,0.1737
EID_11618,0.17532857142857144
EID_12674,0.24788571428571426
EID_5999,0.24150000000000002
EID_18063,0.24482857142857142
EID_14859,0.19731428571428572
EID_20353,0.08567142857142858
EID_22962,0.1994
EID_19650,0.11792857142857145
EID_6108,0.18495714285714285
EID_19012,0.3376857142857143
EID_22925,0.17735714285714285
EID_15619,0.24485714285714288
EID_19998,0.15695714285714285
EID_20052,0.1592285714285714
EID_25044,0.11591428571428572
EID_5422,0.21045714285714284
EID_15354,0.2527857142857143
EID_3804,0.10291428571428571
EID_23277,0.20267142857142856
EID_12336,0.2532571428571429
EID_24839,0.11655714285714283
EID_1651,0.09968571428571428
EID_24355,0.15538571428571427
EID_24276,0.18202857142857143
EID_10346,0.23858571428571426
EID_9579,0.22349999999999998
EID_23242,0.14685714285714285
EID_23541,0.22617142857142852
EID_14741,0.1457142857142857
EID_7783,0.24077142857142858
EID_12569,0.10248571428571429
EID_3834,0.14568571428571428
EID_6799,0.15571428571428572
EID_15609,0.16355714285714287
EID_5496,0.1497
EID_5080,0.11848571428571428
EID_14834,0.16942857142857143
EID_18266,0.14164285714285713
EID_1182,0.16484285714285712
EID_6445,0.12894285714285716
EID_18656,0.3082428571428571
EID_24011,0.12972857142857144
EID_25093,0.12114285714285715
EID_11334,0.14884285714285714
EID_15785,0.1226857142857143
EID_8060,0.27255714285714283
EID_4349,0.24122857142857143
EID_22525,0.2696857142857143
EID_1231,0.2436142857142857
EID_2127,0.12261428571428572
EID_4047,0.12569999999999998
EID_12989,0.13775714285714288
EID_17726,0.1196142857142857
EID_1602,0.06908571428571429
EID_5945,0.11894285714285714
EID_15166,0.20072857142857142
EID_25317,0.20548571428571427
EID_18848,0.08054285714285715
EID_14455,0.14122857142857143
EID_9724,0.15364285714285714
EID_22697,0.14545714285714287
EID_16505,0.1360714285714286
EID_11616,0.2795571428571429
EID_10352,0.2782
EID_24093,0.18644285714285716
EID_11826,0.2571714285714286
EID_24211,0.29174285714285714
EID_14709,0.1445285714285714
EID_18747,0.18457142857142858
EID_16077,0.16947142857142855
EID_15440,0.09960000000000001
EID_4935,0.1531
EID_13791,0.12238571428571428
EID_16876,0.18525714285714287
EID_1335,0.20825714285714286
EID_19086,0.13984285714285713
EID_12872,0.13877142857142857
EID_11623,0.09952857142857141
EID_7807,0.11484285714285715
EID_9605,0.10165714285714286
EID_12736,0.1789857142857143
EID_20565,0.09854285714285715
EID_17225,0.07292857142857144
EID_19974,0.13255714285714285
EID_16045,0.11982857142857142
EID_2082,0.2003857142857143
EID_22219,0.09364285714285712
EID_19439,0.1597
EID_2979,0.1953
EID_24414,0.17602857142857142
EID_15148,0.08384285714285714
EID_10690,0.18054285714285714
EID_16346,0.22754285714285713
EID_22752,0.3151571428571428
EID_21746,0.15817142857142857
EID_1705,0.1983714285714286
EID_7498,0.3492285714285715
EID_6874,0.1364
EID_4543,0.14705714285714286
EID_8931,0.2781571428571429
EID_16435,0.2869714285714285
EID_16767,0.16392857142857142
EID_3058,0.2773714285714286
EID_16381,0.23848571428571427
EID_17190,0.2800142857142857
EID_7079,0.22984285714285715
EID_10191,0.18107142857142855
EID_1378,0.1350571428571429
EID_20222,0.1296142857142857
EID_6156,0.3201
EID_5975,0.1712
EID_18682,0.1908
EID_8837,0.12727142857142856
EID_24686,0.20125714285714286
EID_9869,0.20925714285714286
EID_14673,0.13354285714285713
EID_14443,0.15978571428571425
EID_21591,0.2669142857142857
EID_25240,0.12575714285714285
EID_18365,0.21317142857142857
EID_9260,0.21448571428571434
EID_10696,0.10645714285714288
EID_18012,0.2639714285714286
EID_17421,0.20825714285714284
EID_23615,0.2559571428571428
EID_14132,0.28922857142857145
EID_13168,0.1935285714285714
EID_16973,0.08954285714285715
EID_13426,0.09681428571428571
EID_1493,0.16328571428571428
EID_3994,0.14049999999999999
EID_10574,0.30339999999999995
EID_12394,0.11145714285714285
EID_4781,0.2420428571428571
EID_24911,0.1679142857142857
EID_3205,0.12615714285714288
EID_25568,0.20642857142857143
EID_4343,0.1360142857142857
EID_4330,0.18639999999999998
EID_12518,0.22408571428571428
EID_18426,0.15748571428571428
EID_3862,0.09422857142857143
EID_13478,0.13978571428571432
EID_5607,0.16188571428571427
EID_22353,0.0809
EID_18346,0.18807142857142858
EID_5978,0.12325714285714286
EID_3391,0.06634285714285713
EID_8525,0.2158
EID_5245,0.09442857142857142
EID_11791,0.16292857142857145
EID_22913,0.09922857142857143
EID_15587,0.16075714285714288
EID_4851,0.20935714285714285
EID_3432,0.27377142857142855
EID_13090,0.12975714285714285
EID_15117,0.198
EID_22004,0.1211857142857143
EID_16053,0.10021428571428571
EID_16458,0.14484285714285713
EID_8021,0.1112857142857143
EID_24385,0.18651428571428572
EID_7053,0.22564285714285712
EID_13544,0.12129999999999999
EID_9014,0.18465714285714283
EID_9246,0.1967857142857143
EID_15642,0.2602142857142857
EID_12295,0.3440857142857143
EID_7925,0.14338571428571426
EID_18473,0.13682857142857144
EID_19427,0.1936857142857143
EID_17027,0.21242857142857144
EID_22093,0.09604285714285714
EID_25611,0.17257142857142857
EID_20490,0.3912
EID_4204,0.2277571428571428
EID_2604,0.19854285714285713
EID_16152,0.24250000000000002
EID_8563,0.2186428571428571
EID_18620,0.0977
EID_11012,0.2049285714285714
EID_19598,0.10329999999999999
EID_13159,0.19654285714285713
EID_13171,0.1335285714285714
EID_8374,0.1693285714285714
EID_9838,0.13617142857142858
EID_18489,0.13318571428571427
EID_17451,0.13788571428571425
EID_7269,0.203
EID_20548,0.13062857142857143
EID_9466,0.06897142857142856
EID_16085,0.2912857142857143
EID_24082,0.25298571428571426
EID_5078,0.19962857142857143
EID_23951,0.17097142857142855
EID_8327,0.13068571428571427
EID_5904,0.17607142857142857
EID_11085,0.10192857142857145
EID_21437,0.20789999999999997
EID_7471,0.10064285714285715
EID_12046,0.21395714285714287
EID_18653,0.1434
EID_14175,0.07151428571428571
EID_5514,0.21114285714285713
EID_20148,0.1520857142857143
EID_14260,0.22779999999999997
EID_15574,0.10212857142857142
EID_7287,0.10088571428571429
EID_18889,0.18870000000000003
EID_13106,0.09445714285714286
EID_15448,0.15381428571428574
EID_25897,0.2121
EID_23758,0.12541428571428573
EID_23208,0.13705714285714285
EID_13646,0.2107857142857143
EID_5467,0.2424142857142857
EID_6022,0.2442142857142857
EID_10923,0.2146142857142857
EID_10408,0.12375714285714286
EID_4186,0.11195714285714287
EID_22022,0.1352857142857143
EID_16390,0.2916285714285714
EID_19493,0.11717142857142858
EID_12519,0.16797142857142858
EID_23549,0.10842857142857143
EID_17612,0.27527142857142856
EID_25007,0.10761428571428569
EID_1949,0.1976
EID_23313,0.3488142857142857
EID_22516,0.22158571428571427
EID_21836,0.2256142857142857
EID_7268,0.22974285714285717
EID_8202,0.09454285714285715
EID_6613,0.21218571428571428
EID_2596,0.16742857142857145
EID_19849,0.19507142857142856
EID_11546,0.14272857142857143
EID_3942,0.22115714285714286
EID_7899,0.17538571428571428
EID_4802,0.10912857142857144
EID_6725,0.16725714285714283
EID_3835,0.2050857142857143
EID_9511,0.10012857142857144
EID_5757,0.15698571428571428
EID_24838,0.2406857142857143
EID_15225,0.3343
EID_8238,0.11261428571428571
EID_2826,0.21602857142857143
EID_20774,0.11008571428571427
EID_19311,0.11604285714285714
EID_12339,0.31445714285714294
EID_1583,0.1959
EID_1033,0.2778428571428571
EID_10764,0.17724285714285717
EID_17203,0.16447142857142857
EID_1345,0.15628571428571428
EID_4951,0.2281857142857143
EID_16956,0.17505714285714283
EID_9203,0.09529999999999998
EID_7021,0.20725714285714283
EID_8707,0.09828571428571428
EID_5209,0.11681428571428572
EID_20428,0.1525
EID_10913,0.3496428571428572
EID_11507,0.07841428571428573
EID_3693,0.21014285714285713
EID_22857,0.20802857142857142
EID_18744,0.1748285714285714
EID_19600,0.16717142857142855
EID_21336,0.22897142857142858
EID_17676,0.18797142857142854
EID_1678,0.1944714285714286
EID_4889,0.05438571428571428
EID_9961,0.17312857142857144
EID_23386,0.21651428571428571
EID_19835,0.09760000000000002
EID_9519,0.25252857142857144
EID_5449,0.16660000000000003
EID_20640,0.20861428571428567
EID_16387,0.32580000000000003
EID_20293,0.15261428571428573
EID_2296,0.2336
EID_11827,0.2712142857142857
EID_21522,0.15635714285714286
EID_2767,0.10548571428571428
EID_2873,0.21728571428571428
EID_2603,0.1545285714285714
EID_2674,0.18495714285714285
EID_23682,0.22534285714285712
EID_13310,0.15855714285714287
EID_6523,0.1332
EID_13056,0.14858571428571427
EID_7244,0.202
EID_1072,0.2429142857142857
EID_25833,0.1307857142857143
EID_11244,0.11695714285714286
EID_22918,0.16904285714285713
EID_16735,0.3712285714285714
EID_4201,0.1531142857142857
EID_5998,0.2839571428571429
EID_19254,0.18319999999999997
EID_16653,0.16055714285714287
EID_11729,0.2829
EID_19573,0.23224285714285717
EID_21463,0.1463142857142857
EID_5899,0.16369999999999998
EID_23613,0.2545285714285714
EID_8609,0.1599
EID_2660,0.17767142857142854
EID_1333,0.24565714285714282
EID_3212,0.19172857142857141
EID_7830,0.1560142857142857
EID_4372,0.22879999999999998
EID_15955,0.21602857142857143
EID_22059,0.2369142857142857
EID_22804,0.21480000000000002
EID_4700,0.20127142857142855
EID_14401,0.13187142857142858
EID_19971,0.12927142857142854
EID_10684,0.14365714285714284
EID_21512,0.11304285714285714
EID_16722,0.15230000000000002
EID_16012,0.11198571428571429
EID_19093,0.13504285714285716
EID_25636,0.07894285714285716
EID_10567,0.2358571428571429
EID_11601,0.15857142857142859
EID_25697,0.15254285714285715
EID_22131,0.2954428571428572
EID_8511,0.1353
EID_18114,0.16662857142857143
EID_12784,0.10494285714285716
EID_12820,0.2119
EID_4512,0.1705428571428571
EID_5837,0.13194285714285717
EID_12564,0.12339999999999998
EID_16737,0.12798571428571429
EID_25986,0.2348714285714286
EID_8729,0.17500000000000002
EID_4386,0.2551428571428571
EID_5223,0.09970000000000001
EID_1494,0.40815714285714283
EID_22699,0.1647857142857143
EID_1083,0.16941428571428568
EID_1329,0.09152857142857142
EID_3550,0.1985285714285714
EID_18845,0.19901428571428573
EID_17946,0.21844285714285716
EID_1712,0.22842857142857145
EID_12024,0.22771428571428573
EID_2974,0.20390000000000003
EID_12806,0.10625714285714286
EID_10396,0.1809
EID_3998,0.21192857142857144
EID_22451,0.14994285714285716
EID_12242,0.1803857142857143
EID_18599,0.17165714285714287
EID_9423,0.13817142857142856
EID_25347,0.21758571428571427
EID_20183,0.24995714285714285
EID_18079,0.24345714285714284
EID_10059,0.21845714285714285
EID_1322,0.11458571428571429
EID_18109,0.3029
EID_7325,0.14670000000000002
EID_6000,0.10664285714285716
EID_10760,0.11802857142857144
EID_24380,0.3044142857142857
EID_7070,0.1256
EID_2796,0.19255714285714284
EID_18860,0.11652857142857143
EID_13597,0.23572857142857143
EID_6858,0.0722
EID_14987,0.19347142857142854
EID_8902,0.23005714285714288
EID_9453,0.13872857142857142
EID_20605,0.16232857142857143
EID_16020,0.2642142857142857
EID_6335,0.19174285714285716
EID_1317,0.16875714285714286
EID_5575,0.12054285714285715
EID_17433,0.19548571428571426
EID_6238,0.2286285714285714
EID_10734,0.16681428571428572
EID_7661,0.14851428571428574
EID_9281,0.1435142857142857
EID_19259,0.13949999999999999
EID_9544,0.21487142857142857
EID_2572,0.12480000000000001
EID_12706,0.18287142857142857
EID_20500,0.09375714285714286
EID_19258,0.2466142857142857
EID_15915,0.1422142857142857
EID_25265,0.1544857142857143
EID_16567,0.15675714285714287
EID_19553,0.1662857142857143
EID_25403,0.08488571428571427
EID_10354,0.16144285714285708
EID_19522,0.11332857142857143
EID_20132,0.2981285714285714
EID_3363,0.24135714285714288
EID_15253,0.25302857142857144
EID_8368,0.14574285714285715
EID_3883,0.1919142857142857
EID_7323,0.20157142857142857
EID_16203,0.25044285714285713
EID_9080,0.16542857142857142
EID_12266,0.3057142857142857
EID_13777,0.11192857142857142
EID_24876,0.12114285714285714
EID_11961,0.24348571428571428
EID_25871,0.17147142857142858
EID_3563,0.16198571428571432
EID_3377,0.06411428571428572
EID_19924,0.16542857142857142
EID_4070,0.12562857142857145
EID_7727,0.10647142857142858
EID_2253,0.13694285714285712
EID_5056,0.3407
EID_16751,0.18601428571428572
EID_2105,0.24848571428571434
EID_14078,0.2555142857142857
EID_18779,0.10505714285714285
EID_2218,0.11764285714285713
EID_6130,0.2601142857142857
EID_21722,0.17740000000000003
EID_17748,0.1372285714285714
EID_21322,0.18128571428571427
EID_6016,0.2343714285714286
EID_20480,0.1923857142857143
EID_18843,0.16881428571428572
EID_7336,0.13749999999999998
EID_4455,0.29004285714285716
EID_15206,0.2038
EID_15582,0.3748428571428571
EID_22381,0.2902571428571429
EID_22606,0.18711428571428573
EID_12159,0.14644285714285715
EID_10027,0.1604857142857143
EID_4107,0.161
EID_18932,0.2439142857142857
EID_1321,0.15344285714285716
EID_7759,0.18507142857142855
EID_21961,0.10839999999999998
EID_15289,0.1082
EID_23069,0.24662857142857142
EID_17187,0.14338571428571426
EID_25372,0.20767142857142856
EID_9787,0.16362857142857143
EID_9797,0.1689
EID_10831,0.1939285714285714
EID_24620,0.10395714285714286
EID_8715,0.19782857142857146
EID_13459,0.17562857142857144
EID_14031,0.21095714285714287
EID_14541,0.24458571428571427
EID_12395,0.1327
EID_7150,0.1668714285714286
EID_14422,0.16058571428571428
EID_19060,0.1498142857142857
EID_9338,0.1529142857142857
EID_21042,0.24607142857142852
EID_8011,0.20927142857142855
EID_8102,0.2808857142857143
EID_11068,0.15758571428571427
EID_15461,0.16345714285714288
EID_18509,0.17850000000000002
EID_5796,0.24578571428571427
EID_19905,0.3463428571428572
EID_21609,0.16715714285714284
EID_14873,0.14187142857142857
EID_8033,0.24305714285714283
EID_21354,0.3706714285714286
EID_16377,0.1324857142857143
EID_10566,0.3030285714285714
EID_4791,0.12551428571428572
EID_20944,0.24044285714285715
EID_24913,0.28915714285714283
EID_3868,0.1759142857142857
EID_10611,0.15902857142857144
EID_21702,0.22535714285714284
EID_9472,0.27655714285714283
EID_10746,0.13858571428571428
EID_17717,0.24431428571428576
EID_18535,0.26067142857142855
EID_23706,0.4260285714285715
EID_7039,0.2546714285714286
EID_23797,0.13618571428571427
EID_1574,0.18144285714285716
EID_5931,0.2197857142857143
EID_6468,0.27735714285714286
EID_15805,0.46717142857142857
EID_2988,0.1895857142857143
EID_21966,0.1639714285714286
EID_16571,0.13798571428571424
EID_10082,0.13181428571428572
EID_8359,0.18585714285714286
EID_3200,0.22124285714285713
EID_2206,0.1459142857142857
EID_14234,0.10435714285714286
EID_12498,0.16891428571428574
EID_12009,0.13782857142857144
EID_12486,0.19762857142857143
EID_2679,0.14307142857142857
EID_25329,0.1468
EID_18268,0.2617
EID_18253,0.22080000000000002
EID_11915,0.14161428571428572
EID_2503,0.18595714285714285
EID_22110,0.13978571428571426
EID_9344,0.24595714285714285
EID_17568,0.17047142857142855
EID_1445,0.15075714285714284
EID_12971,0.30511428571428567
EID_14129,0.12088571428571429
EID_22888,0.17162857142857144
EID_17510,0.27640000000000003
EID_11722,0.1373142857142857
EID_18542,0.2518
EID_13158,0.18998571428571426
EID_2810,0.17651428571428568
EID_16559,0.1703285714285714
EID_1124,0.204
EID_2137,0.14717142857142856
EID_13145,0.1688714285714286
EID_14181,0.15555714285714287
EID_24695,0.24234285714285714
EID_21367,0.1416
EID_13213,0.1473857142857143
EID_15852,0.21945714285714285
EID_9531,0.41447142857142855
EID_6197,0.14154285714285714
EID_20012,0.1883142857142857
EID_10381,0.24262857142857142
EID_9136,0.1217142857142857
EID_12063,0.15915714285714286
EID_22318,0.2094
EID_24047,0.1640285714285714
EID_5834,0.1629857142857143
EID_4763,0.17468571428571425
EID_24096,0.20859999999999998
EID_13825,0.0884142857142857
EID_14326,0.11275714285714285
EID_10111,0.2938
EID_23362,0.18347142857142854
EID_8682,0.14498571428571427
EID_18727,0.23135714285714284
EID_20725,0.3547428571428571
EID_15976,0.07884285714285713
EID_17626,0.1051
EID_13302,0.12447142857142857
EID_11333,0.1523857142857143
EID_12305,0.07548571428571428
EID_4987,0.09670000000000001
EID_12132,0.30322857142857146
EID_14163,0.14721428571428574
EID_15666,0.18505714285714284
EID_19257,0.15985714285714286
EID_1591,0.2781571428571429
EID_5610,0.1599142857142857
EID_4835,0.16087142857142855
EID_5060,0.12268571428571429
EID_15897,0.16647142857142858
EID_9771,0.1281142857142857
EID_11486,0.11538571428571427
EID_14583,0.24895714285714285
EID_17832,0.2839714285714286
EID_6876,0.20858571428571432
EID_18560,0.22791428571428576
EID_1091,0.3731285714285715
EID_3837,0.15472857142857138
EID_8508,0.27788571428571424
EID_23640,0.26048571428571426
EID_13280,0.19087142857142858
EID_3352,0.18455714285714284
EID_13404,0.20177142857142855
EID_23565,0.07995714285714284
EID_24526,0.1266
EID_9254,0.11362857142857143
EID_8916,0.15397142857142856
EID_15227,0.21931428571428574
EID_11672,0.17134285714285716
EID_8926,0.11002857142857143
EID_25125,0.125
EID_3170,0.23155714285714282
EID_24612,0.1900142857142857
EID_23932,0.31864285714285717
EID_11554,0.1369142857142857
EID_19854,0.2434857142857143
EID_16362,0.2180857142857143
EID_13195,0.1602142857142857
EID_25559,0.3906428571428572
EID_18526,0.18198571428571425
EID_23226,0.2373
EID_5873,0.2552
EID_11286,0.1925857142857143
EID_7573,0.17839999999999998
EID_11669,0.16532857142857144
EID_12639,0.17040000000000002
EID_12309,0.14577142857142858
EID_17566,0.1654142857142857
EID_3644,0.18521428571428572
EID_9921,0.20642857142857143
EID_14703,0.20918571428571428
EID_19366,0.22834285714285713
EID_12449,0.36574285714285715
EID_24591,0.18624285714285715
EID_4698,0.2417
EID_17657,0.18687142857142852
EID_24446,0.16937142857142853
EID_18528,0.14011428571428572
EID_8868,0.22994285714285714
EID_5820,0.1883571428571429
EID_24215,0.34181428571428574
EID_19176,0.14109999999999998
EID_6578,0.2757857142857143
EID_9672,0.11132857142857143
EID_10702,0.2852428571428571
EID_4741,0.2994142857142857
EID_24067,0.1687
EID_2416,0.20812857142857144
EID_12089,0.17242857142857143
EID_8392,0.11322857142857141
EID_16766,0.2396857142857143
EID_23137,0.24382857142857142
EID_24704,0.23832857142857142
EID_13184,0.21234285714285717
EID_21642,0.1726285714285714
EID_8050,0.19624285714285714
EID_20432,0.12732857142857143
EID_14456,0.2746142857142857
EID_7769,0.21318571428571428
EID_14077,0.27677142857142856
EID_17805,0.09522857142857143
EID_14927,0.11219999999999998
EID_7995,0.20224285714285717
EID_2297,0.1441857142857143
EID_7960,0.19190000000000002
EID_9481,0.14737142857142854
EID_2781,0.25641428571428576
EID_25571,0.10941428571428571
EID_12462,0.16628571428571431
EID_17761,0.0726
EID_22310,0.19465714285714283
EID_15161,0.3140571428571429
EID_3361,0.2190714285714286
EID_2166,0.29537142857142856
EID_1515,0.15362857142857142
EID_13787,0.23462857142857146
EID_23496,0.2137285714285714
EID_7820,0.18508571428571427
EID_14433,0.1733
EID_9405,0.10775714285714287
EID_4195,0.24500000000000005
EID_24190,0.25250000000000006
EID_20400,0.15145714285714287
EID_16111,0.14611428571428572
EID_5502,0.10862857142857142
EID_17381,0.10294285714285714
EID_22435,0.26162857142857143
EID_3060,0.1272
EID_19197,0.2173857142857143
EID_13311,0.19729999999999998
EID_14282,0.1273
EID_5849,0.1460428571428571
EID_19845,0.1792
EID_6965,0.1704857142857143
EID_5048,0.28204285714285715
EID_13766,0.36614285714285716
EID_22269,0.18502857142857146
EID_4363,0.15851428571428575
EID_12215,0.0796
EID_14479,0.3461714285714285
EID_7348,0.1436142857142857
EID_25664,0.3001142857142857
EID_4940,0.19905714285714285
EID_6877,0.1714
EID_8337,0.3864
EID_1775,0.16105714285714284
EID_13938,0.12734285714285715
EID_12735,0.13067142857142858
EID_16138,0.18662857142857142
EID_18586,0.22445714285714288
EID_16650,0.08322857142857143
EID_18259,0.1428
EID_19144,0.19608571428571428
EID_4483,0.1389142857142857
EID_10929,0.12451428571428572
EID_19882,0.15619999999999998
EID_3779,0.19845714285714283
EID_18678,0.10244285714285714
EID_7168,0.17395714285714287
EID_23279,0.26221428571428573
EID_17008,0.12884285714285712
EID_2795,0.3476571428571429
EID_1833,0.30491428571428575
EID_21026,0.11882857142857142
EID_20322,0.3106857142857143
EID_10026,0.2663285714285714
EID_7742,0.11390000000000002
EID_21792,0.10944285714285715
EID_14341,0.15834285714285715
EID_24634,0.10097142857142857
EID_3379,0.0861
EID_20627,0.09745714285714284
EID_8572,0.14747142857142856
EID_15104,0.19562857142857143
EID_12426,0.22407142857142862
EID_17588,0.3369714285714286
EID_20961,0.091
EID_23260,0.29577142857142863
EID_7213,0.1601285714285714
EID_11851,0.06701428571428569
EID_5696,0.1752142857142857
EID_23011,0.2664571428571429
EID_2035,0.1726
EID_22461,0.24251428571428574
EID_23215,0.2402285714285714
EID_6913,0.12701428571428572
EID_5739,0.19031428571428574
EID_19814,0.1387142857142857
EID_20320,0.0807
EID_2043,0.1614142857142857
EID_21992,0.1315714285714286
EID_9324,0.2032142857142857
EID_3863,0.15027142857142856
EID_7513,0.20428571428571426
EID_11120,0.3197571428571429
EID_6548,0.1859571428571429
EID_23957,0.15362857142857142
EID_11408,0.30592857142857144
EID_24638,0.12982857142857143
EID_3908,0.23504285714285714
EID_17023,0.0989142857142857
EID_10902,0.1708
EID_3543,0.3759
EID_3633,0.20994285714285718
EID_3394,0.09458571428571429
EID_8619,0.14727142857142855
EID_13424,0.1564714285714286
EID_15405,0.13944285714285715
EID_21727,0.18655714285714287
EID_18916,0.0881
EID_3335,0.1369
EID_2811,0.23858571428571426
EID_8620,0.20067142857142858
EID_3249,0.1749285714285714
EID_22140,0.1096142857142857
EID_18934,0.27554285714285714
EID_24271,0.18537142857142858
EID_2164,0.18481428571428574
EID_22961,0.16598571428571426
EID_25318,0.1718714285714286
EID_23064,0.2596
EID_1056,0.11608571428571428
EID_4389,0.07692857142857144
EID_6949,0.08172857142857141
EID_16133,0.1922142857142857
EID_8023,0.12287142857142856
EID_19426,0.17945714285714284
EID_12895,0.16985714285714287
EID_17667,0.16314285714285712
EID_14826,0.17747142857142853
EID_8807,0.11177142857142855
EID_13977,0.251
EID_11167,0.21265714285714288
EID_22535,0.24268571428571425
EID_5357,0.09975714285714288
EID_1450,0.11291428571428572
EID_24647,0.22761428571428574
EID_1516,0.3215
EID_10122,0.13975714285714286
EID_2423,0.31479999999999997
EID_4276,0.09822857142857143
EID_10610,0.2102
EID_5840,0.2045857142857143
EID_19117,0.28118571428571426
EID_1753,0.1386571428571429
EID_11679,0.2807
EID_12425,0.21582857142857145
EID_21118,0.15
EID_1348,0.19717142857142855
EID_3143,0.3345000000000001
EID_12153,0.08805714285714283
EID_22834,0.1818142857142857
EID_14978,0.13017142857142858
EID_23361,0.21068571428571428
EID_5207,0.1782857142857143
EID_8395,0.2109285714285714
EID_2440,0.20052857142857142
EID_14196,0.29815714285714284
EID_16684,0.2056
EID_22520,0.10814285714285717
EID_14689,0.16181428571428572
EID_22890,0.24075714285714286
EID_18695,0.17998571428571428
EID_1275,0.11532857142857145
EID_6033,0.17155714285714288
EID_25616,0.09532857142857143
EID_6190,0.09747142857142857
EID_2964,0.2649428571428571
EID_24869,0.16554285714285716
EID_3319,0.07787142857142858
EID_15857,0.0726
EID_4615,0.19057142857142859
EID_23926,0.18598571428571428
EID_15506,0.24777142857142856
EID_4168,0.13622857142857142
EID_23593,0.21572857142857144
EID_3108,0.18705714285714287
EID_22846,0.13624285714285714
EID_12618,0.19152857142857144
EID_20341,0.18172857142857143
EID_15441,0.2719142857142857
EID_20278,0.2143142857142857
EID_19511,0.1559857142857143
EID_7832,0.23704285714285708
EID_7775,0.14115714285714284
EID_9409,0.12199999999999998
EID_11483,0.13087142857142858
EID_6657,0.16684285714285713
EID_10338,0.44031428571428577
EID_7683,0.1955
EID_11854,0.17737142857142857
EID_17102,0.16712857142857146
EID_9882,0.2219
EID_19326,0.10230000000000002
EID_1670,0.2870714285714286
EID_17455,0.28840000000000005
EID_24867,0.0996857142857143
EID_22972,0.23674285714285714
EID_4679,0.158
EID_7172,0.23381428571428572
EID_7401,0.19957142857142854
EID_13199,0.2510857142857143
EID_12244,0.2842571428571429
EID_12771,0.16462857142857143
EID_7230,0.10167142857142857
EID_19736,0.14047142857142855
EID_2755,0.13677142857142857
EID_19126,0.10451428571428571
EID_20949,0.20998571428571428
EID_4573,0.20255714285714285
EID_23671,0.13854285714285713
EID_11580,0.11821428571428572
EID_15600,0.26809999999999995
EID_17577,0.14564285714285713
EID_6773,0.12772857142857144
EID_9565,0.1710428571428571
EID_13401,0.11247142857142856
EID_17438,0.16794285714285717
EID_7604,0.16455714285714285
EID_1215,0.20825714285714286
EID_24765,0.2087857142857143
EID_2084,0.13771428571428573
EID_17898,0.11331428571428571
EID_9752,0.1287
EID_19867,0.19937142857142856
EID_5430,0.22847142857142852
EID_22617,0.21191428571428572
EID_23590,0.25594285714285714
EID_11131,0.10687142857142855
EID_1623,0.16457142857142856
EID_25390,0.2052
EID_23316,0.1007714285714286
EID_11595,0.11335714285714285
EID_10827,0.1854142857142857
EID_14787,0.15224285714285712
EID_18290,0.2298428571428571
EID_17889,0.16440000000000002
EID_7936,0.1623142857142857
EID_12044,0.16824285714285714
EID_8205,0.2541714285714286
EID_22950,0.20541428571428572
EID_4965,0.10677142857142856
EID_24073,0.3648142857142857
EID_4946,0.23952857142857145
EID_14618,0.1400142857142857
EID_17692,0.19301428571428567
EID_23220,0.2632
EID_24364,0.16214285714285714
EID_20216,0.24145714285714287
EID_24865,0.2013714285714286
EID_11009,0.3192285714285714
EID_6889,0.2654
EID_10375,0.2622142857142857
EID_11917,0.3389857142857143
EID_25323,0.2416285714285714
EID_21841,0.17111428571428572
EID_25278,0.35118571428571427
EID_17857,0.1773
EID_2991,0.3154285714285714
EID_23822,0.18085714285714286
EID_12098,0.1788285714285714
EID_14665,0.20657142857142857
EID_25373,0.1910857142857143
EID_22143,0.1162142857142857
EID_4000,0.24785714285714283
EID_2951,0.1725428571428571
EID_8610,0.14985714285714286
EID_6998,0.28554285714285715
EID_21972,0.33951428571428577
EID_3582,0.10342857142857143
EID_18220,0.1581714285714286
EID_12381,0.28347142857142854
EID_15689,0.15741428571428573
EID_12239,0.20162857142857143
EID_3987,0.19817142857142858
EID_20164,0.1762714285714286
EID_1654,0.28328571428571425
EID_25583,0.15820000000000004
EID_22736,0.22604285714285716
EID_22169,0.20461428571428572
EID_9495,0.1801714285714286
EID_2465,0.1794
EID_1659,0.1845142857142857
EID_4509,0.15694285714285713
EID_15264,0.17009999999999997
EID_9494,0.1774857142857143
EID_23657,0.1710428571428571
EID_10376,0.13925714285714286
EID_25277,0.19795714285714286
EID_15121,0.28445714285714285
EID_14760,0.23538571428571428
EID_9160,0.25720000000000004
EID_18574,0.1126
EID_2977,0.19284285714285712
EID_4745,0.35538571428571425
EID_6762,0.12064285714285714
EID_2682,0.20135714285714285
EID_19172,0.29917142857142853
EID_1013,0.18604285714285712
EID_1242,0.15572857142857144
EID_10336,0.16458571428571428
EID_11247,0.3384857142857142
EID_4631,0.17252857142857142
EID_21660,0.2657714285714286
EID_6752,0.2110285714285714
EID_14409,0.1893142857142857
EID_21720,0.10969999999999999
EID_14495,0.26677142857142855
EID_15348,0.18174285714285715
EID_9610,0.20745714285714284
EID_10629,0.11608571428571428
EID_10182,0.2292857142857143
EID_10598,0.2334142857142857
EID_11065,0.3653857142857143
EID_16129,0.18108571428571427
EID_15572,0.3796571428571428
EID_21059,0.10011428571428573
EID_7812,0.16667142857142855
EID_15162,0.17041428571428568
EID_6911,0.16581428571428572
EID_17591,0.25654285714285713
EID_22638,0.18908571428571427
EID_3217,0.1372857142857143
EID_10116,0.1288857142857143
EID_23199,0.1856142857142857
EID_18844,0.21422857142857143
EID_19931,0.16708571428571428
EID_22215,0.21507142857142855
EID_14623,0.1512
EID_7884,0.12395714285714285
EID_3197,0.2723
EID_11291,0.19335714285714284
EID_3320,0.20980000000000001
EID_12585,0.28378571428571425
EID_13592,0.15187142857142857
EID_11264,0.21535714285714289
EID_6997,0.1107142857142857
EID_2327,0.1263
EID_9340,0.22920000000000001
EID_14544,0.20674285714285714
EID_13055,0.13849999999999998
EID_14014,0.15074285714285715
EID_7429,0.17655714285714286
EID_19008,0.09254285714285714
EID_14283,0.19484285714285712
EID_10882,0.20690000000000003
EID_5194,0.2424142857142857
EID_23844,0.31950000000000006
EID_22628,0.16244285714285714
EID_10033,0.2562714285714286
EID_13281,0.3533857142857143
EID_23871,0.14037142857142856
EID_3621,0.27931428571428574
EID_12968,0.2723571428571428
EID_5819,0.14885714285714285
EID_6694,0.127
EID_17656,0.10405714285714285
EID_8888,0.1743142857142857
EID_14552,0.15304285714285712
EID_15342,0.2548714285714285
EID_7728,0.1331
EID_10331,0.3706
EID_5479,0.17637142857142857
EID_25526,0.21981428571428574
EID_12348,0.29372857142857145
EID_6196,0.10955714285714288
EID_3619,0.2371714285714286
EID_11280,0.19255714285714287
EID_18119,0.21564285714285716
EID_18058,0.3454
EID_20911,0.20452857142857142
EID_19840,0.27121428571428574
EID_11808,0.16561428571428571
EID_16265,0.16181428571428572
EID_25976,0.28502857142857146
EID_3872,0.22728571428571429
EID_23029,0.23217142857142856
EID_11745,0.17735714285714285
EID_9556,0.20015714285714284
EID_19748,0.18214285714285713
EID_23253,0.1936857142857143
EID_16237,0.14747142857142861
EID_11694,0.12054285714285715
EID_12824,0.2052857142857143
EID_12797,0.15495714285714282
EID_3524,0.1486285714285714
EID_10559,0.1406714285714286
EID_22844,0.22652857142857144
EID_22281,0.13682857142857144
EID_9535,0.26167142857142855
EID_1642,0.2236142857142857
EID_17630,0.3068285714285714
EID_15083,0.26007142857142856
EID_2690,0.10795714285714286
EID_12199,0.18562857142857142
EID_3449,0.13797142857142858
EID_12097,0.14805714285714286
EID_23272,0.14184285714285716
EID_6890,0.16194285714285717
EID_2438,0.12615714285714288
EID_6508,0.09874285714285713
EID_10772,0.2768857142857143
EID_6076,0.1858
EID_3045,0.2108714285714286
EID_24779,0.19777142857142854
EID_12553,0.22991428571428574
EID_24984,0.14999999999999997
EID_17157,0.326
EID_11823,0.10472857142857143
EID_4765,0.14548571428571427
EID_16143,0.21845714285714288
EID_19658,0.3113428571428572
EID_12035,0.16515714285714284
EID_3481,0.12882857142857143
EID_12776,0.12474285714285713
EID_21160,0.14161428571428572
EID_11127,0.21994285714285716
EID_11784,0.12251428571428571
EID_17458,0.2525857142857143
EID_15653,0.19764285714285715
EID_25399,0.15352857142857143
EID_8799,0.19297142857142854
EID_14529,0.3227142857142857
EID_19407,0.17485714285714285
EID_8224,0.10738571428571428
EID_21582,0.1983714285714286
EID_14807,0.16285714285714287
EID_17338,0.20818571428571428
EID_10635,0.19009999999999996
EID_16300,0.11667142857142855
EID_5155,0.16951428571428573
EID_11136,0.2306285714285714
EID_7716,0.10392857142857144
EID_13041,0.4087428571428572
EID_1572,0.1464857142857143
EID_2382,0.1124857142857143
EID_4568,0.11924285714285714
EID_25153,0.0759
EID_20523,0.28385714285714286
EID_2332,0.20318571428571428
EID_6143,0.11725714285714287
EID_19549,0.0905
EID_24568,0.2075857142857143
EID_23211,0.1988142857142857
EID_2342,0.33301428571428565
EID_2922,0.18094285714285713
EID_6026,0.22829999999999995
EID_10107,0.07668571428571429
EID_14855,0.22804285714285716
EID_18780,0.17247142857142855
EID_10578,0.23784285714285716
EID_3842,0.08924285714285711
EID_10225,0.07271428571428572
EID_15275,0.20879999999999996
EID_10740,0.15578571428571428
EID_9483,0.28335714285714286
EID_11262,0.20644285714285715
EID_24388,0.18117142857142857
EID_19271,0.4087714285714286
EID_15363,0.1537
EID_16555,0.26767142857142856
EID_7387,0.19175714285714288
EID_2692,0.13305714285714285
EID_19754,0.19765714285714284
EID_10859,0.18262857142857145
EID_16618,0.19234285714285718
EID_1697,0.19962857142857143
EID_3764,0.15392857142857144
EID_4502,0.16208571428571425
EID_19240,0.2536714285714286
EID_22590,0.3697571428571429
EID_14056,0.2829285714285714
EID_20697,0.20524285714285714
EID_2505,0.1609428571428572
EID_23288,0.21731428571428574
EID_23373,0.3323428571428571
EID_18878,0.1562285714285714
EID_11857,0.2335285714285714
EID_25945,0.11334285714285715
EID_18242,0.29344285714285717
EID_22823,0.20895714285714284
EID_5625,0.10498571428571428
EID_6702,0.16241428571428568
EID_24252,0.21688571428571432
EID_12704,0.20192857142857143
EID_1770,0.1469857142857143
EID_10159,0.09421428571428571
EID_3702,0.09324285714285714
EID_2688,0.2461142857142857
EID_19784,0.10192857142857144
EID_3636,0.11807142857142856
EID_14537,0.3167571428571429
EID_4878,0.2628857142857143
EID_10260,0.13451428571428573
EID_5154,0.1387428571428571
EID_21206,0.18315714285714285
EID_15511,0.16864285714285718
EID_8010,0.1555285714285714
EID_6249,0.11280000000000001
EID_7392,0.2514142857142857
EID_18362,0.11199999999999999
EID_14147,0.15842857142857142
EID_24826,0.2679285714285714
EID_10862,0.20604285714285717
EID_3088,0.17138571428571425
EID_2871,0.2193857142857143
EID_22681,0.1324857142857143
EID_3720,0.16547142857142857
EID_21540,0.18575714285714287
EID_3516,0.3011428571428571
EID_10969,0.28662857142857145
EID_11396,0.18485714285714286
EID_11407,0.23967142857142854
EID_19264,0.1762857142857143
EID_12406,0.2598142857142857
EID_19440,0.15264285714285714
EID_22729,0.40501428571428566
EID_21143,0.13057142857142856
EID_19936,0.11937142857142856
EID_13997,0.21305714285714286
EID_15533,0.11991428571428571
EID_22065,0.21977142857142853
EID_6600,0.2439857142857143
EID_15316,0.3848285714285714
EID_10721,0.08304285714285713
EID_20630,0.25447142857142857
EID_17720,0.20264285714285715
EID_7692,0.07998571428571428
EID_25004,0.1353
EID_1804,0.08121428571428571
EID_25207,0.2260285714285714
EID_7638,0.2811
EID_8179,0.23854285714285714
EID_23406,0.2299857142857143
EID_19285,0.13482857142857144
EID_15333,0.09359999999999999
EID_9685,0.2344
EID_15725,0.2272
EID_8302,0.15792857142857142
EID_10726,0.4216285714285714
EID_6168,0.09658571428571429
EID_16711,0.12068571428571429
EID_24881,0.1447
EID_15281,0.0725857142857143
EID_17428,0.18395714285714287
EID_2814,0.24334285714285714
EID_8717,0.3304857142857143
EID_4395,0.13414285714285715
EID_22871,0.1628285714285714
EID_22152,0.15097142857142856
EID_23649,0.12084285714285714
EID_24748,0.1466
EID_25426,0.19785714285714287
EID_13986,0.20565714285714284
EID_19704,0.21004285714285714
EID_15554,0.21027142857142853
EID_23100,0.3242428571428571
EID_25408,0.1565
EID_15870,0.13324285714285714
EID_4048,0.08617142857142857
EID_12712,0.1586285714285714
EID_1937,0.18204285714285717
EID_14246,0.13507142857142856
EID_2569,0.2291285714285714
EID_6228,0.1992142857142857
EID_21309,0.2534714285714285
EID_16971,0.21067142857142857
EID_25273,0.3245428571428572
EID_8968,0.14288571428571428
EID_21475,0.19142857142857145
EID_1982,0.11052857142857142
EID_23627,0.25334285714285715
EID_14209,0.17148571428571427
EID_22365,0.23149999999999998
EID_21031,0.15052857142857143
EID_16883,0.2680857142857143
EID_15734,0.08902857142857142
EID_20840,0.11374285714285715
EID_20792,0.19525714285714285
EID_2652,0.051928571428571435
EID_3079,0.17294285714285712
EID_1425,0.25857142857142856
EID_17271,0.10628571428571429
EID_22724,0.3069714285714285
EID_23964,0.10682857142857143
EID_9333,0.12325714285714286
EID_12374,0.08240000000000001
EID_25107,0.23505714285714285
EID_22869,0.12598571428571428
EID_18753,0.10537142857142856
EID_16805,0.32810000000000006
EID_19994,0.10807142857142858
EID_3004,0.20977142857142855
EID_12616,0.13635714285714287
EID_6090,0.13097142857142854
EID_3303,0.13304285714285713
EID_9435,0.1983285714285714
EID_1838,0.19565714285714284
EID_15681,0.22975714285714285
EID_17496,0.14082857142857144
EID_8456,0.1531857142857143
EID_23174,0.21049999999999996
EID_8285,0.121
EID_6547,0.11544285714285715
EID_23648,0.14182857142857144
EID_7958,0.23751428571428573
EID_19299,0.26725714285714286
EID_8699,0.17978571428571427
EID_14528,0.16262857142857143
EID_23167,0.18818571428571426
EID_25289,0.09727142857142856
EID_12802,0.09234285714285714
EID_15986,0.20315714285714284
EID_3609,0.14795714285714287
EID_2045,0.14925714285714284
EID_1788,0.1959142857142857
EID_22630,0.09730000000000001
EID_10542,0.36695714285714287
EID_13101,0.3876142857142857
EID_5159,0.12128571428571426
EID_18490,0.27602857142857146
EID_25693,0.13484285714285713
EID_20514,0.19569999999999999
EID_3713,0.24567142857142857
EID_11193,0.12982857142857143
EID_6052,0.19867142857142855
EID_6986,0.2986857142857143
EID_9104,0.1988
EID_23058,0.1048
EID_3156,0.1783
EID_17660,0.2564857142857143
EID_17514,0.21887142857142855
EID_15370,0.14632857142857142
EID_12207,0.2029285714285714
EID_7351,0.07142857142857142
EID_24727,0.14734285714285716
EID_6356,0.16894285714285714
EID_15421,0.199
EID_11772,0.1661
EID_14071,0.2342714285714286
EID_16359,0.1379142857142857
EID_16919,0.13614285714285715
EID_21496,0.20722857142857146
EID_10564,0.1681
EID_3773,0.2169
EID_9484,0.20887142857142857
EID_13601,0.2272428571428571
EID_13843,0.16158571428571428
EID_8774,0.1443142857142857
EID_7542,0.23885714285714288
EID_3388,0.2040857142857143
EID_17949,0.2748857142857143
EID_1815,0.21355714285714283
EID_10479,0.22625714285714285
EID_10722,0.24754285714285712
EID_3427,0.11979999999999998
EID_18205,0.18271428571428575
EID_21650,0.20218571428571433
EID_23124,0.1274142857142857
EID_4294,0.1697142857142857
EID_13366,0.16105714285714284
EID_13957,0.22219999999999995
EID_3578,0.17484285714285713
EID_24105,0.09567142857142859
EID_13186,0.34275714285714276
EID_24214,0.2021285714285714
EID_17251,0.09547142857142857
EID_23225,0.2539571428571429
EID_2152,0.07978571428571431
EID_10625,0.21207142857142855
EID_2044,0.13474285714285714
EID_7201,0.2587142857142857
EID_2405,0.21101428571428574
EID_22716,0.3036857142857143
EID_22728,0.14988571428571426
EID_21251,0.21295714285714284
EID_6915,0.09662857142857142
EID_14744,0.2085142857142857
EID_15814,0.15721428571428572
EID_6659,0.2471857142857143
EID_10991,0.14885714285714283
EID_6500,0.2031285714285714
EID_19121,0.17852857142857145
EID_6278,0.15814285714285714
EID_13236,0.09938571428571429
EID_5382,0.19457142857142856
EID_6871,0.28874285714285713
EID_5012,0.1761857142857143
EID_1268,0.19407142857142853
EID_6588,0.22752857142857139
EID_22163,0.13761428571428572
EID_11121,0.1337142857142857
EID_22615,0.1992857142857143
EID_7838,0.19515714285714283
EID_3344,0.19010000000000002
EID_25292,0.1883
EID_10730,0.12577142857142856
EID_10317,0.1443142857142857
EID_13443,0.2418
EID_10988,0.1742714285714286
EID_23091,0.1637
EID_1839,0.17608571428571423
EID_13892,0.3156857142857143
EID_1496,0.22555714285714284
EID_15045,0.13251428571428572
EID_3744,0.2673714285714286
EID_13010,0.24130000000000001
EID_9716,0.13225714285714285
EID_2993,0.1705714285714286
EID_23435,0.16378571428571428
EID_8587,0.26638571428571434
EID_22132,0.22252857142857144
EID_21413,0.07387142857142857
EID_11881,0.16917142857142858
EID_19850,0.20054285714285716
EID_18460,0.24472857142857143
EID_17983,0.11622857142857143
EID_14888,0.11021428571428572
EID_14002,0.3548
EID_13524,0.07254285714285715
EID_4049,0.18888571428571427
EID_6535,0.2114428571428571
EID_10557,0.20255714285714288
EID_1313,0.11907142857142856
EID_12424,0.2067142857142857
EID_8210,0.11029999999999998
EID_22378,0.1064857142857143
EID_19644,0.14487142857142857
EID_8790,0.14964285714285716
EID_5778,0.22272857142857144
EID_23887,0.10558571428571428
EID_16103,0.31088571428571427
EID_20604,0.16342857142857142
EID_17378,0.10844285714285715
EID_5566,0.09498571428571427
EID_24264,0.1346285714285714
EID_7814,0.41577142857142857
EID_1968,0.22914285714285715
EID_10282,0.21961428571428573
EID_13648,0.1653142857142857
EID_22376,0.23458571428571426
EID_3690,0.2937285714285714
EID_17871,0.17605714285714286
EID_19167,0.23184285714285716
EID_5366,0.32834285714285716
EID_16996,0.08982857142857144
EID_1953,0.0955
EID_8760,0.24017142857142854
EID_20448,0.1313142857142857
EID_15787,0.17090000000000002
EID_18982,0.1955
EID_4388,0.18939999999999999
EID_22325,0.2313
EID_10189,0.15501428571428574
EID_21162,0.17488571428571428
EID_1032,0.14205714285714285
EID_12045,0.15574285714285713
EID_18324,0.28832857142857143
EID_15085,0.32387142857142853
EID_21927,0.0965142857142857
EID_13325,0.21194285714285716
EID_17801,0.1181
EID_7678,0.28968571428571427
EID_17469,0.14982857142857142
EID_14318,0.22057142857142856
EID_16439,0.32254285714285713
EID_2307,0.22695714285714286
EID_20011,0.15055714285714286
EID_19381,0.15474285714285713
EID_14043,0.2831428571428571
EID_14774,0.23395714285714284
EID_22982,0.09084285714285713
EID_19092,0.1635
EID_13137,0.3404428571428571
EID_5738,0.09214285714285715
EID_19661,0.3468857142857142
EID_22570,0.2164714285714286
EID_16393,0.14148571428571427
EID_4256,0.15531428571428574
EID_17873,0.10054285714285714
EID_13832,0.3886428571428572
EID_17617,0.26492857142857146
EID_3106,0.3008285714285714
EID_6567,0.1336857142857143
EID_4727,0.11259999999999999
EID_14518,0.29254285714285716
EID_1070,0.21164285714285716
EID_19385,0.19634285714285712
EID_20032,0.23451428571428568
EID_11714,0.12657142857142858
EID_23636,0.16224285714285713
EID_1985,0.15565714285714286
EID_5627,0.30404285714285717
EID_15171,0.19244285714285714
EID_8811,0.20694285714285715
EID_2163,0.1785142857142857
EID_8459,0.18487142857142855
EID_18138,0.11107142857142858
EID_17518,0.2406714285714286
EID_17432,0.2116857142857143
EID_25686,0.17604285714285717
EID_2470,0.11247142857142857
EID_16311,0.17245714285714286
EID_6903,0.2892857142857143
EID_11990,0.14117142857142856
EID_23460,0.15268571428571429
EID_25924,0.20107142857142857
EID_13985,0.30597142857142856
EID_5455,0.11785714285714285
EID_13427,0.16014285714285711
EID_24855,0.12197142857142855
EID_15532,0.2888285714285715
EID_8953,0.22227142857142854
EID_22683,0.15492857142857144
EID_22493,0.16424285714285713
EID_1451,0.15918571428571426
EID_20796,0.14302857142857142
EID_17281,0.16155714285714287
EID_7767,0.23362857142857146
EID_20838,0.17975714285714287
EID_17235,0.22464285714285717
EID_21615,0.22
EID_6972,0.11572857142857143
EID_13930,0.29834285714285713
EID_4188,0.24207142857142863
EID_11277,0.14138571428571428
EID_18053,0.30697142857142856
EID_11288,0.16985714285714285
EID_1148,0.29222857142857145
EID_19216,0.20194285714285715
EID_7660,0.1272
EID_22805,0.17175714285714286
EID_11931,0.19117142857142858
EID_16921,0.15209999999999996
EID_4993,0.2265714285714286
EID_18070,0.29935714285714293
EID_15648,0.17952857142857143
EID_11404,0.1876
EID_14248,0.21511428571428567
EID_15424,0.24531428571428573
EID_8039,0.11991428571428571
EID_7094,0.16555714285714287
EID_13161,0.14525714285714283
EID_9293,0.15308571428571427
EID_4351,0.23351428571428573
EID_17259,0.11888571428571425
EID_2681,0.11439999999999997
EID_22123,0.19194285714285714
EID_8528,0.10587142857142857
EID_11798,0.24842857142857142
EID_20265,0.32977142857142855
EID_21396,0.24314285714285716
EID_12220,0.19310000000000002
EID_25722,0.2094857142857143
EID_21719,0.2162285714285714
EID_3506,0.23804285714285717
EID_2139,0.2617
EID_6562,0.3216857142857143
EID_4353,0.0839
EID_24392,0.2498571428571428
EID_11238,0.22337142857142858
EID_20617,0.12487142857142859
EID_21473,0.17722857142857143
EID_16837,0.23351428571428573
EID_1800,0.08218571428571429
EID_25849,0.29951428571428573
EID_9395,0.29512857142857146
EID_2415,0.17307142857142857
EID_9286,0.10459999999999996
EID_5081,0.15884285714285712
EID_22546,0.07810000000000002
EID_11932,0.15834285714285712
EID_16292,0.17045714285714286
EID_17882,0.20732857142857147
EID_20889,0.26317142857142856
EID_10031,0.07139999999999999
EID_21576,0.13685714285714284
EID_8256,0.22324285714285713
EID_2614,0.18714285714285714
EID_2098,0.15995714285714288
EID_10242,0.19510000000000002
EID_21993,0.15671428571428572
EID_22664,0.23167142857142858
EID_1919,0.2593857142857143
EID_11629,0.16128571428571428
EID_6840,0.25518571428571424
EID_25493,0.1996
EID_14968,0.2537571428571429
EID_25313,0.10705714285714286
EID_8035,0.14989999999999998
EID_8969,0.08940000000000001
EID_15223,0.16294285714285714
EID_6266,0.16385714285714284
EID_8184,0.25222857142857136
EID_19480,0.1432571428571429
EID_19076,0.24138571428571431
EID_16339,0.23251428571428565
EID_7963,0.1945857142857143
EID_17427,0.10351428571428571
EID_12641,0.14651428571428574
EID_4122,0.24367142857142857
EID_23659,0.27405714285714283
EID_13486,0.12574285714285716
EID_18423,0.15262857142857142
EID_2181,0.10288571428571432
EID_25490,0.18935714285714286
EID_9211,0.07417142857142857
EID_5237,0.16561428571428571
EID_2418,0.1071857142857143
EID_17716,0.0672142857142857
EID_13837,0.23055714285714288
EID_2840,0.12449999999999997
EID_13004,0.1495
EID_14429,0.1690857142857143
EID_18915,0.26175714285714285
EID_22415,0.27048571428571433
EID_4304,0.21187142857142854
EID_10753,0.17222857142857143
EID_22612,0.2177285714285714
EID_1857,0.22290000000000001
EID_3566,0.13561428571428571
EID_8545,0.11309999999999998
EID_21685,0.24635714285714289
EID_9946,0.27191428571428566
EID_20447,0.0745
EID_3887,0.1642142857142857
EID_8351,0.12079999999999999
EID_23889,0.30387142857142857
EID_8248,0.17851428571428568
EID_16621,0.19692857142857143
EID_25138,0.2716
EID_10004,0.45884285714285716
EID_5522,0.2261
EID_23416,0.14004285714285714
EID_14897,0.24757142857142853
EID_10840,0.2294285714285714
EID_21716,0.16155714285714287
EID_18484,0.15599999999999997
EID_7402,0.1702142857142857
EID_24854,0.13337142857142859
EID_1610,0.15804285714285715
EID_17592,0.2769714285714286
EID_22128,0.05125714285714287
EID_17304,0.25615714285714286
EID_1508,0.13271428571428573
EID_20492,0.05224285714285714
EID_2324,0.30217142857142854
EID_17093,0.1538571428571429
EID_23356,0.20149999999999998
EID_17895,0.0970285714285714
EID_8186,0.17352857142857142
EID_19358,0.22165714285714283
EID_6030,0.1977857142857143
EID_17457,0.17209999999999998
EID_14976,0.31878571428571423
EID_8914,0.1734
EID_5721,0.11785714285714287
EID_11266,0.2411
EID_17012,0.29300000000000004
EID_7554,0.14159999999999998
EID_3087,0.17235714285714285
EID_19716,0.1423
EID_21723,0.22354285714285718
EID_13072,0.20908571428571426
EID_9776,0.08807142857142856
EID_25927,0.3319857142857143
EID_5593,0.158
EID_13954,0.2863428571428571
EID_16034,0.26578571428571435
EID_1719,0.1266285714285714
EID_23054,0.2799
EID_15591,0.15448571428571428
EID_5178,0.2559
EID_24346,0.2656
EID_21264,0.20937142857142854
EID_3292,0.18078571428571427
EID_14975,0.13025714285714285
EID_9165,0.2482142857142857
EID_23369,0.10857142857142855
EID_18767,0.14402857142857142
EID_10153,0.1536142857142857
EID_2542,0.16724285714285717
EID_23826,0.2955857142857143
EID_20391,0.1179
EID_8633,0.10667142857142856
EID_5875,0.12655714285714287
EID_12699,0.0828857142857143
EID_12982,0.23075714285714286
EID_16392,0.1305
EID_8185,0.22292857142857142
EID_15462,0.17084285714285713
EID_4853,0.10182857142857141
EID_17622,0.12224285714285714
EID_23074,0.2218857142857143
EID_6390,0.12207142857142857
EID_24539,0.15545714285714288
EID_12963,0.17424285714285714
EID_8649,0.0937
EID_11810,0.16551428571428572
EID_3598,0.22637142857142858
EID_13511,0.1669285714285714
EID_16014,0.16505714285714285
EID_24791,0.22231428571428574
EID_3417,0.22698571428571432
EID_24668,0.22994285714285714
EID_4508,0.13938571428571428
EID_25150,0.13128571428571428
EID_25934,0.14915714285714285
EID_6308,0.1879142857142857
EID_10508,0.12091428571428572
EID_18724,0.22417142857142855
EID_10536,0.10367142857142857
EID_18738,0.14042857142857143
EID_15949,0.25374285714285716
EID_20722,0.2474285714285714
EID_14963,0.19408571428571425
EID_6682,0.11540000000000002
EID_8365,0.2021142857142857
EID_17999,0.11457142857142856
EID_24499,0.22927142857142857
EID_20389,0.20184285714285716
EID_12123,0.1456714285714286
EID_19203,0.12304285714285712
EID_3538,0.23264285714285718
EID_19811,0.11922857142857143
EID_11473,0.16698571428571427
EID_3032,0.2924857142857143
EID_8419,0.19864285714285718
EID_9052,0.32915714285714287
EID_15837,0.12265714285714284
EID_6644,0.17311428571428572
EID_16894,0.29842857142857143
EID_10552,0.15848571428571429
EID_14750,0.4047
EID_16659,0.06664285714285714
EID_4472,0.2057
EID_4076,0.15251428571428574
EID_5163,0.2248285714285714
EID_25923,0.15064285714285713
EID_24806,0.23637142857142854
EID_3742,0.2527142857142857
EID_19722,0.11078571428571429
EID_18033,0.16222857142857142
EID_16718,0.26994285714285715
EID_13182,0.2081285714285714
EID_23021,0.20654285714285714
EID_20329,0.21332857142857145
EID_8770,0.15994285714285714
EID_11234,0.18927142857142856
EID_18881,0.20535714285714285
EID_1365,0.2046142857142857
EID_19318,0.2064142857142857
EID_19343,0.2465
EID_4435,0.19158571428571428
EID_22102,0.33747142857142853
EID_24095,0.18608571428571427
EID_9897,0.18284285714285714
EID_21635,0.13192857142857142
EID_16514,0.2874285714285714
EID_1997,0.23605714285714288
EID_10324,0.11402857142857141
EID_6487,0.2138
EID_21197,0.15864285714285714
EID_19082,0.1424
EID_17562,0.18998571428571429
EID_8738,0.13544285714285714
EID_13687,0.12394285714285715
EID_19572,0.14205714285714285
EID_24909,0.2726
EID_21814,0.14288571428571428
EID_12083,0.24731428571428574
EID_25919,0.1695142857142857
EID_19140,0.18414285714285714
EID_23924,0.17682857142857142
EID_1208,0.2796714285714285
EID_18170,0.24048571428571425
EID_18699,0.30562857142857147
EID_1318,0.20927142857142858
EID_14941,0.1903142857142857
EID_6540,0.18262857142857142
EID_20936,0.14905714285714286
EID_9705,0.14548571428571427
EID_24181,0.27901428571428566
EID_22138,0.1363142857142857
EID_23044,0.14392857142857143
EID_9038,0.1686857142857143
EID_3247,0.11647142857142857
EID_19630,0.2712428571428571
EID_8655,0.17148571428571427
EID_10423,0.25392857142857145
EID_3946,0.08884285714285714
EID_16512,0.11684285714285714
EID_12473,0.17864285714285713
EID_11571,0.21878571428571428
EID_14381,0.11621428571428571
EID_12675,0.4395714285714286
EID_1930,0.26744285714285715
EID_20155,0.15417142857142857
EID_22902,0.20208571428571426
EID_24145,0.13549999999999998
EID_5342,0.09984285714285712
EID_8334,0.15045714285714284
EID_25708,0.19304285714285715
EID_19991,0.15467142857142857
EID_5499,0.22065714285714286
EID_5953,0.12065714285714287
EID_7444,0.1439857142857143
EID_6218,0.13317142857142855
EID_12891,0.22177142857142856
EID_16456,0.19732857142857146
EID_20256,0.25211428571428574
EID_9959,0.24744285714285713
EID_8845,0.3773
EID_1662,0.12231428571428571
EID_8739,0.10888571428571428
EID_20695,0.2703285714285714
EID_19446,0.18085714285714286
EID_12441,0.2583285714285714
EID_13066,0.16684285714285713
EID_8911,0.2765
EID_22200,0.19008571428571427
EID_9689,0.1141857142857143
EID_1668,0.25789999999999996
EID_8120,0.09045714285714286
EID_22777,0.24939999999999998
EID_19141,0.1725857142857143
EID_22674,0.23807142857142863
EID_16121,0.07877142857142858
EID_14662,0.09517142857142859
EID_23290,0.09165714285714287
EID_20144,0.13127142857142857
EID_23052,0.218
EID_25575,0.2976857142857143
EID_23724,0.16292857142857145
EID_14759,0.2412285714285714
EID_25209,0.15724285714285716
EID_17753,0.16315714285714286
EID_4693,0.13388571428571427
EID_17284,0.22378571428571428
EID_9131,0.2497
EID_24625,0.11702857142857144
EID_24912,0.14500000000000002
EID_19612,0.11838571428571429
EID_9147,0.08622857142857143
EID_6891,0.18118571428571428
EID_10639,0.2268857142857143
EID_5880,0.22644285714285717
EID_22547,0.1495142857142857
EID_10066,0.24779999999999996
EID_7126,0.13747142857142855
EID_4929,0.2694142857142857
EID_24750,0.1403857142857143
